Peer closed connection.
Connecting to 127.0.0.1:7497 clientId=80 ...
Subscribing to 7 scanner(s) in parallel: TOP_PERC_GAIN, TOP_OPEN_PERC_GAIN, HOT_BY_VOLUME, TOP_STOCK_BUY_IMBALANCE_ADV_RATIO, TOP_VOLUME_RATE, HOT_BY_OPT_VOLUME, HALTED
Observing until 15:58 ET — Ctrl-C to stop early.
[13:00:32] TOP_PERC_GAIN(20)·MWC,POEL,IMVT | TOP_OPEN_PERC_GAIN(0) | HOT_BY_VOLUME(20)·PPBT,SUGP,MWC | TOP_STOCK_BUY_IMBALANCE_ADV_RATIO(20)·GGT PRE,ALRG,EEMO | TOP_VOLUME_RATE(20)·PLTD,MWC,SOXS | HOT_BY_OPT_VOLUME(20)·PPH,ORBX,IGLD | HALTED(1)·OPTH
[13:01:02] TOP_PERC_GAIN(20)·MWC,POEL,IMVT | TOP_OPEN_PERC_GAIN(0) | HOT_BY_VOLUME(20)·PPBT,SUGP,MWC | TOP_STOCK_BUY_IMBALANCE_ADV_RATIO(20)·GGT PRE,ALRG,EEMO | TOP_VOLUME_RATE(20)·MWC,PLTD,SOXS | HOT_BY_OPT_VOLUME(20)·PPH,ORBX,IGLD | HALTED(1)·OPTH
[13:01:32] TOP_PERC_GAIN(20)·MWC,POEL,IMVT | TOP_OPEN_PERC_GAIN(0) | HOT_BY_VOLUME(20)·PPBT,SUGP,MWC | TOP_STOCK_BUY_IMBALANCE_ADV_RATIO(20)·GGT PRE,ALRG,EEMO | TOP_VOLUME_RATE(20)·BB,MWC,CCL | HOT_BY_OPT_VOLUME(20)·PPH,ORBX,IGLD | HALTED(1)·OPTH
[13:02:02] TOP_PERC_GAIN(20)·MWC,POEL,IMVT | TOP_OPEN_PERC_GAIN(0) | HOT_BY_VOLUME(20)·PPBT,SUGP,MWC | TOP_STOCK_BUY_IMBALANCE_ADV_RATIO(20)·GGT PRE,ALRG,EEMO | TOP_VOLUME_RATE(20)·QQQI,BB,MWC | HOT_BY_OPT_VOLUME(20)·ORBX,IGLD,MSGE | HALTED(1)·OPTH
[13:02:32] TOP_PERC_GAIN(20)·MWC,POEL,IMVT | TOP_OPEN_PERC_GAIN(0) | HOT_BY_VOLUME(20)·PPBT,SUGP,MWC | TOP_STOCK_BUY_IMBALANCE_ADV_RATIO(20)·GGT PRE,ALRG,EEMO | TOP_VOLUME_RATE(20)·MWC,QQQI,BB | HOT_BY_OPT_VOLUME(0) | HALTED(1)·OPTH
[13:03:02] TOP_PERC_GAIN(20)·MWC,POEL,IMVT | TOP_OPEN_PERC_GAIN(0) | HOT_BY_VOLUME(20)·PPBT,SUGP,MWC | TOP_STOCK_BUY_IMBALANCE_ADV_RATIO(20)·GGT PRE,ALRG,EEMO | TOP_VOLUME_RATE(20)·MWC,SOXS,QQQI | HOT_BY_OPT_VOLUME(0) | HALTED(1)·OPTH
[13:03:32] TOP_PERC_GAIN(20)·MWC,POEL,IMVT | TOP_OPEN_PERC_GAIN(0) | HOT_BY_VOLUME(20)·PPBT,SUGP,MWC | TOP_STOCK_BUY_IMBALANCE_ADV_RATIO(20)·GGT PRE,ALRG,EEMO | TOP_VOLUME_RATE(20)·MWC,TZA,SOXS | HOT_BY_OPT_VOLUME(0) | HALTED(1)·OPTH
[13:04:02] TOP_PERC_GAIN(20)·MWC,POEL,IMVT | TOP_OPEN_PERC_GAIN(0) | HOT_BY_VOLUME(20)·PPBT,SUGP,MWC | TOP_STOCK_BUY_IMBALANCE_ADV_RATIO(20)·GGT PRE,ALRG,EEMO | TOP_VOLUME_RATE(20)·BOIL,MWC,TZA | HOT_BY_OPT_VOLUME(0) | HALTED(1)·OPTH
[13:04:32] TOP_PERC_GAIN(20)·MWC,POEL,IMVT | TOP_OPEN_PERC_GAIN(0) | HOT_BY_VOLUME(20)·PPBT,SUGP,MWC | TOP_STOCK_BUY_IMBALANCE_ADV_RATIO(20)·GGT PRE,ALRG,EEMO | TOP_VOLUME_RATE(20)·MWC,CCL,POET | HOT_BY_OPT_VOLUME(0) | HALTED(1)·OPTH
[13:05:02] TOP_PERC_GAIN(20)·MWC,POEL,IMVT | TOP_OPEN_PERC_GAIN(0) | HOT_BY_VOLUME(20)·PPBT,SUGP,MWC | TOP_STOCK_BUY_IMBALANCE_ADV_RATIO(20)·GGT PRE,ALRG,EEMO | TOP_VOLUME_RATE(20)·MWC,DRAM,BOIL | HOT_BY_OPT_VOLUME(0) | HALTED(1)·OPTH
[13:05:33] TOP_PERC_GAIN(20)·MWC,POEL,IMVT | TOP_OPEN_PERC_GAIN(0) | HOT_BY_VOLUME(20)·PPBT,SUGP,MWC | TOP_STOCK_BUY_IMBALANCE_ADV_RATIO(20)·GGT PRE,ALRG,EEMO | TOP_VOLUME_RATE(20)·MWC,BOIL,SOXS | HOT_BY_OPT_VOLUME(0) | HALTED(1)·OPTH
[13:06:03] TOP_PERC_GAIN(20)·MWC,POEL,IMVT | TOP_OPEN_PERC_GAIN(0) | HOT_BY_VOLUME(20)·PPBT,SUGP,MWC | TOP_STOCK_BUY_IMBALANCE_ADV_RATIO(20)·GGT PRE,ALRG,EEMO | TOP_VOLUME_RATE(20)·PUMP,MWC,BOIL | HOT_BY_OPT_VOLUME(0) | HALTED(1)·OPTH
[13:06:33] TOP_PERC_GAIN(20)·MWC,POEL,IMVT | TOP_OPEN_PERC_GAIN(0) | HOT_BY_VOLUME(20)·PPBT,SUGP,MWC | TOP_STOCK_BUY_IMBALANCE_ADV_RATIO(20)·GGT PRE,ALRG,EEMO | TOP_VOLUME_RATE(20)·PUMP,MWC,RXRX | HOT_BY_OPT_VOLUME(0) | HALTED(1)·OPTH
[13:07:03] TOP_PERC_GAIN(20)·MWC,POEL,IMVT | TOP_OPEN_PERC_GAIN(0) | HOT_BY_VOLUME(20)·PPBT,SUGP,MWC | TOP_STOCK_BUY_IMBALANCE_ADV_RATIO(20)·GGT PRE,ALRG,EEMO | TOP_VOLUME_RATE(20)·MWC,PUMP,RXRX | HOT_BY_OPT_VOLUME(0) | HALTED(1)·OPTH
[13:07:33] TOP_PERC_GAIN(20)·MWC,POEL,IMVT | TOP_OPEN_PERC_GAIN(0) | HOT_BY_VOLUME(20)·PPBT,SUGP,MWC | TOP_STOCK_BUY_IMBALANCE_ADV_RATIO(20)·GGT PRE,ALRG,EEMO | TOP_VOLUME_RATE(20)·MWC,CCL,PUMP | HOT_BY_OPT_VOLUME(0) | HALTED(1)·OPTH
[13:08:03] TOP_PERC_GAIN(20)·MWC,POEL,IMVT | TOP_OPEN_PERC_GAIN(0) | HOT_BY_VOLUME(20)·PPBT,SUGP,MWC | TOP_STOCK_BUY_IMBALANCE_ADV_RATIO(20)·GGT PRE,ALRG,EEMO | TOP_VOLUME_RATE(20)·MWC,CCL,PUMP | HOT_BY_OPT_VOLUME(0) | HALTED(1)·OPTH
[13:08:33] TOP_PERC_GAIN(20)·MWC,POEL,IMVT | TOP_OPEN_PERC_GAIN(0) | HOT_BY_VOLUME(20)·PPBT,SUGP,MWC | TOP_STOCK_BUY_IMBALANCE_ADV_RATIO(20)·GGT PRE,ALRG,EEMO | TOP_VOLUME_RATE(20)·MWC,SOXS,CCL | HOT_BY_OPT_VOLUME(0) | HALTED(1)·OPTH
[13:09:03] TOP_PERC_GAIN(20)·MWC,POEL,IMVT | TOP_OPEN_PERC_GAIN(0) | HOT_BY_VOLUME(20)·PPBT,SUGP,MWC | TOP_STOCK_BUY_IMBALANCE_ADV_RATIO(20)·GGT PRE,ALRG,EEMO | TOP_VOLUME_RATE(20)·MWC,SOXS,CCL | HOT_BY_OPT_VOLUME(0) | HALTED(1)·OPTH
[13:09:33] TOP_PERC_GAIN(20)·MWC,POEL,IMVT | TOP_OPEN_PERC_GAIN(0) | HOT_BY_VOLUME(20)·PPBT,SUGP,MWC | TOP_STOCK_BUY_IMBALANCE_ADV_RATIO(20)·GGT PRE,ALRG,EEMO | TOP_VOLUME_RATE(20)·MWC,SOXS,CCL | HOT_BY_OPT_VOLUME(0) | HALTED(1)·OPTH
[13:10:03] TOP_PERC_GAIN(20)·MWC,POEL,IMVT | TOP_OPEN_PERC_GAIN(0) | HOT_BY_VOLUME(20)·PPBT,SUGP,MWC | TOP_STOCK_BUY_IMBALANCE_ADV_RATIO(20)·GGT PRE,ALRG,EEMO | TOP_VOLUME_RATE(20)·MWC,SLNH,NOK | HOT_BY_OPT_VOLUME(0) | HALTED(1)·OPTH
[13:10:33] TOP_PERC_GAIN(20)·MWC,POEL,IMVT | TOP_OPEN_PERC_GAIN(0) | HOT_BY_VOLUME(20)·PPBT,SUGP,MWC | TOP_STOCK_BUY_IMBALANCE_ADV_RATIO(20)·GGT PRE,ALRG,EEMO | TOP_VOLUME_RATE(20)·MWC,KEP,SLNH | HOT_BY_OPT_VOLUME(0) | HALTED(1)·OPTH
[13:11:03] TOP_PERC_GAIN(20)·MWC,POEL,IMVT | TOP_OPEN_PERC_GAIN(0) | HOT_BY_VOLUME(20)·PPBT,SUGP,MWC | TOP_STOCK_BUY_IMBALANCE_ADV_RATIO(20)·GGT PRE,ALRG,EEMO | TOP_VOLUME_RATE(20)·MWC,KEP,SLNH | HOT_BY_OPT_VOLUME(0) | HALTED(1)·OPTH
[13:11:33] TOP_PERC_GAIN(20)·MWC,POEL,IMVT | TOP_OPEN_PERC_GAIN(0) | HOT_BY_VOLUME(20)·PPBT,SUGP,MWC | TOP_STOCK_BUY_IMBALANCE_ADV_RATIO(20)·GGT PRE,ALRG,EEMO | TOP_VOLUME_RATE(20)·MWC,SOXS,KEP | HOT_BY_OPT_VOLUME(0) | HALTED(1)·OPTH
[13:12:03] TOP_PERC_GAIN(20)·MWC,POEL,IMVT | TOP_OPEN_PERC_GAIN(0) | HOT_BY_VOLUME(20)·PPBT,SUGP,MWC | TOP_STOCK_BUY_IMBALANCE_ADV_RATIO(20)·GGT PRE,ALRG,EEMO | TOP_VOLUME_RATE(20)·MWC,NOK,SCO | HOT_BY_OPT_VOLUME(0) | HALTED(1)·OPTH
[13:12:33] TOP_PERC_GAIN(20)·MWC,POEL,IMVT | TOP_OPEN_PERC_GAIN(0) | HOT_BY_VOLUME(20)·PPBT,SUGP,MWC | TOP_STOCK_BUY_IMBALANCE_ADV_RATIO(20)·GGT PRE,ALRG,EEMO | TOP_VOLUME_RATE(20)·MWC,NOK,POET | HOT_BY_OPT_VOLUME(0) | HALTED(1)·OPTH
[13:13:03] TOP_PERC_GAIN(20)·MWC,POEL,IMVT | TOP_OPEN_PERC_GAIN(0) | HOT_BY_VOLUME(20)·PPBT,SUGP,MWC | TOP_STOCK_BUY_IMBALANCE_ADV_RATIO(20)·GGT PRE,ALRG,EEMO | TOP_VOLUME_RATE(20)·MWC,NOK,BOIL | HOT_BY_OPT_VOLUME(0) | HALTED(1)·OPTH
[13:13:33] TOP_PERC_GAIN(20)·MWC,POEL,IMVT | TOP_OPEN_PERC_GAIN(0) | HOT_BY_VOLUME(20)·PPBT,SUGP,MWC | TOP_STOCK_BUY_IMBALANCE_ADV_RATIO(20)·GGT PRE,ALRG,EEMO | TOP_VOLUME_RATE(20)·MWC,CCL,NOK | HOT_BY_OPT_VOLUME(0) | HALTED(1)·OPTH
[13:14:03] TOP_PERC_GAIN(20)·MWC,POEL,IMVT | TOP_OPEN_PERC_GAIN(0) | HOT_BY_VOLUME(20)·PPBT,SUGP,MWC | TOP_STOCK_BUY_IMBALANCE_ADV_RATIO(20)·GGT PRE,ALRG,EEMO | TOP_VOLUME_RATE(20)·MWC,CCL,QQQI | HOT_BY_OPT_VOLUME(0) | HALTED(1)·OPTH
[13:14:33] TOP_PERC_GAIN(20)·MWC,POEL,IMVT | TOP_OPEN_PERC_GAIN(0) | HOT_BY_VOLUME(20)·PPBT,SUGP,MWC | TOP_STOCK_BUY_IMBALANCE_ADV_RATIO(20)·GGT PRE,ALRG,EEMO | TOP_VOLUME_RATE(20)·MWC,SOXS,CCL | HOT_BY_OPT_VOLUME(0) | HALTED(1)·OPTH
[13:15:03] TOP_PERC_GAIN(20)·MWC,POEL,IMVT | TOP_OPEN_PERC_GAIN(0) | HOT_BY_VOLUME(20)·PPBT,SUGP,MWC | TOP_STOCK_BUY_IMBALANCE_ADV_RATIO(20)·GGT PRE,ALRG,EEMO | TOP_VOLUME_RATE(20)·MWC,SOXS,CCL | HOT_BY_OPT_VOLUME(0) | HALTED(1)·OPTH
[13:15:33] TOP_PERC_GAIN(20)·MWC,POEL,IMVT | TOP_OPEN_PERC_GAIN(0) | HOT_BY_VOLUME(20)·PPBT,SUGP,MWC | TOP_STOCK_BUY_IMBALANCE_ADV_RATIO(20)·GGT PRE,ALRG,EEMO | TOP_VOLUME_RATE(20)·MWC,SOXS,SQQQ | HOT_BY_OPT_VOLUME(0) | HALTED(1)·OPTH
[13:16:03] TOP_PERC_GAIN(20)·MWC,POEL,IMVT | TOP_OPEN_PERC_GAIN(0) | HOT_BY_VOLUME(20)·PPBT,SUGP,MWC | TOP_STOCK_BUY_IMBALANCE_ADV_RATIO(20)·GGT PRE,ALRG,EEMO | TOP_VOLUME_RATE(20)·MWC,NOWL,SQQQ | HOT_BY_OPT_VOLUME(0) | HALTED(1)·OPTH
[13:16:33] TOP_PERC_GAIN(20)·MWC,POEL,IMVT | TOP_OPEN_PERC_GAIN(0) | HOT_BY_VOLUME(20)·PPBT,SUGP,MWC | TOP_STOCK_BUY_IMBALANCE_ADV_RATIO(20)·GGT PRE,ALRG,EEMO | TOP_VOLUME_RATE(20)·MWC,AKAM,SOXS | HOT_BY_OPT_VOLUME(0) | HALTED(1)·OPTH
[13:17:03] TOP_PERC_GAIN(20)·MWC,POEL,IMVT | TOP_OPEN_PERC_GAIN(0) | HOT_BY_VOLUME(20)·PPBT,SUGP,MWC | TOP_STOCK_BUY_IMBALANCE_ADV_RATIO(20)·GGT PRE,ALRG,NUSA | TOP_VOLUME_RATE(20)·MWC,AKAM,PLUG | HOT_BY_OPT_VOLUME(0) | HALTED(1)·OPTH
[13:17:33] TOP_PERC_GAIN(20)·MWC,POEL,IMVT | TOP_OPEN_PERC_GAIN(0) | HOT_BY_VOLUME(20)·PPBT,SUGP,MWC | TOP_STOCK_BUY_IMBALANCE_ADV_RATIO(20)·GGT PRE,ALRG,NUSA | TOP_VOLUME_RATE(20)·MWC,NOK,SOXS | HOT_BY_OPT_VOLUME(0) | HALTED(1)·OPTH
[13:18:03] TOP_PERC_GAIN(20)·MWC,POEL,IMVT | TOP_OPEN_PERC_GAIN(0) | HOT_BY_VOLUME(20)·PPBT,SUGP,MWC | TOP_STOCK_BUY_IMBALANCE_ADV_RATIO(20)·GGT PRE,ALRG,NUSA | TOP_VOLUME_RATE(20)·MWC,NOK,SOXS | HOT_BY_OPT_VOLUME(0) | HALTED(1)·OPTH
[13:18:33] TOP_PERC_GAIN(20)·MWC,POEL,IMVT | TOP_OPEN_PERC_GAIN(0) | HOT_BY_VOLUME(20)·PPBT,SUGP,MWC | TOP_STOCK_BUY_IMBALANCE_ADV_RATIO(20)·GGT PRE,ALRG,NUSA | TOP_VOLUME_RATE(20)·MWC,NOK,NVD | HOT_BY_OPT_VOLUME(0) | HALTED(1)·OPTH
[13:19:03] TOP_PERC_GAIN(20)·MWC,POEL,IMVT | TOP_OPEN_PERC_GAIN(0) | HOT_BY_VOLUME(20)·PPBT,SUGP,MWC | TOP_STOCK_BUY_IMBALANCE_ADV_RATIO(20)·GGT PRE,ALRG,NUSA | TOP_VOLUME_RATE(20)·INFY,MWC,SOXS | HOT_BY_OPT_VOLUME(0) | HALTED(1)·OPTH
[13:19:33] TOP_PERC_GAIN(20)·MWC,POEL,IMVT | TOP_OPEN_PERC_GAIN(0) | HOT_BY_VOLUME(20)·PPBT,SUGP,MWC | TOP_STOCK_BUY_IMBALANCE_ADV_RATIO(20)·GGT PRE,ALRG,NUSA | TOP_VOLUME_RATE(20)·INFY,MWC,SOXS | HOT_BY_OPT_VOLUME(0) | HALTED(1)·OPTH
[13:20:03] TOP_PERC_GAIN(20)·MWC,POEL,IMVT | TOP_OPEN_PERC_GAIN(0) | HOT_BY_VOLUME(20)·PPBT,SUGP,MWC | TOP_STOCK_BUY_IMBALANCE_ADV_RATIO(20)·GGT PRE,ALRG,NUSA | TOP_VOLUME_RATE(20)·INFY,MWC,TSLL | HOT_BY_OPT_VOLUME(0) | HALTED(1)·OPTH
[13:20:33] TOP_PERC_GAIN(20)·MWC,POEL,IMVT | TOP_OPEN_PERC_GAIN(0) | HOT_BY_VOLUME(20)·PPBT,SUGP,MWC | TOP_STOCK_BUY_IMBALANCE_ADV_RATIO(20)·IRVH,GGT PRE,ALRG | TOP_VOLUME_RATE(20)·INFY,NOK,MWC | HOT_BY_OPT_VOLUME(0) | HALTED(1)·OPTH
[13:21:03] TOP_PERC_GAIN(20)·MWC,POEL,IMVT | TOP_OPEN_PERC_GAIN(0) | HOT_BY_VOLUME(20)·PPBT,SUGP,MWC | TOP_STOCK_BUY_IMBALANCE_ADV_RATIO(20)·IRVH,GGT PRE,ALRG | TOP_VOLUME_RATE(20)·INFY,MWC,NOK | HOT_BY_OPT_VOLUME(0) | HALTED(1)·OPTH
[13:21:33] TOP_PERC_GAIN(20)·MWC,POEL,IMVT | TOP_OPEN_PERC_GAIN(0) | HOT_BY_VOLUME(20)·PPBT,SUGP,MWC | TOP_STOCK_BUY_IMBALANCE_ADV_RATIO(20)·IRVH,GGT PRE,ALRG | TOP_VOLUME_RATE(20)·INFY,MWC,NOK | HOT_BY_OPT_VOLUME(0) | HALTED(1)·OPTH
[13:22:03] TOP_PERC_GAIN(20)·MWC,POEL,IMVT | TOP_OPEN_PERC_GAIN(0) | HOT_BY_VOLUME(20)·PPBT,SUGP,MWC | TOP_STOCK_BUY_IMBALANCE_ADV_RATIO(20)·IRVH,GGT PRE,ALRG | TOP_VOLUME_RATE(20)·INFY,MWC,INTC | HOT_BY_OPT_VOLUME(0) | HALTED(1)·OPTH
[13:22:33] TOP_PERC_GAIN(20)·MWC,POEL,IMVT | TOP_OPEN_PERC_GAIN(0) | HOT_BY_VOLUME(20)·PPBT,SUGP,MWC | TOP_STOCK_BUY_IMBALANCE_ADV_RATIO(20)·IRVH,GGT PRE,ALRG | TOP_VOLUME_RATE(20)·INFY,MWC,INTC | HOT_BY_OPT_VOLUME(0) | HALTED(1)·OPTH
[13:23:03] TOP_PERC_GAIN(20)·MWC,POEL,IMVT | TOP_OPEN_PERC_GAIN(0) | HOT_BY_VOLUME(20)·PPBT,SUGP,MWC | TOP_STOCK_BUY_IMBALANCE_ADV_RATIO(20)·IRVH,GGT PRE,ALRG | TOP_VOLUME_RATE(20)·MWC,INFY,VIAV | HOT_BY_OPT_VOLUME(0) | HALTED(1)·OPTH
[13:23:33] TOP_PERC_GAIN(20)·MWC,POEL,IMVT | TOP_OPEN_PERC_GAIN(0) | HOT_BY_VOLUME(20)·PPBT,SUGP,MWC | TOP_STOCK_BUY_IMBALANCE_ADV_RATIO(20)·IRVH,GGT PRE,ALRG | TOP_VOLUME_RATE(20)·MWC,INFY,VIAV | HOT_BY_OPT_VOLUME(0) | HALTED(1)·OPTH
[13:24:03] TOP_PERC_GAIN(20)·MWC,POEL,VIDA | TOP_OPEN_PERC_GAIN(0) | HOT_BY_VOLUME(20)·PPBT,SUGP,MWC | TOP_STOCK_BUY_IMBALANCE_ADV_RATIO(20)·IRVH,GGT PRE,ALRG | TOP_VOLUME_RATE(20)·MWC,NOK,INFY | HOT_BY_OPT_VOLUME(0) | HALTED(1)·OPTH
[13:24:33] TOP_PERC_GAIN(20)·MWC,POEL,VIDA | TOP_OPEN_PERC_GAIN(0) | HOT_BY_VOLUME(20)·PPBT,SUGP,MWC | TOP_STOCK_BUY_IMBALANCE_ADV_RATIO(20)·IRVH,GGT PRE,ALRG | TOP_VOLUME_RATE(20)·MWC,NOK,INFY | HOT_BY_OPT_VOLUME(0) | HALTED(1)·OPTH
[13:25:03] TOP_PERC_GAIN(20)·MWC,POEL,VIDA | TOP_OPEN_PERC_GAIN(0) | HOT_BY_VOLUME(20)·PPBT,SUGP,MWC | TOP_STOCK_BUY_IMBALANCE_ADV_RATIO(20)·IRVH,GGT PRE,ALRG | TOP_VOLUME_RATE(20)·MWC,NOK,INFY | HOT_BY_OPT_VOLUME(0) | HALTED(1)·OPTH
[13:25:33] TOP_PERC_GAIN(20)·MWC,POEL,VIDA | TOP_OPEN_PERC_GAIN(0) | HOT_BY_VOLUME(20)·PPBT,SUGP,MWC | TOP_STOCK_BUY_IMBALANCE_ADV_RATIO(20)·NRES,IRVH,GGT PRE | TOP_VOLUME_RATE(20)·MWC,NOK,GCTS | HOT_BY_OPT_VOLUME(0) | HALTED(1)·OPTH
[13:26:03] TOP_PERC_GAIN(20)·MWC,POEL,VIDA | TOP_OPEN_PERC_GAIN(0) | HOT_BY_VOLUME(20)·PPBT,SUGP,MWC | TOP_STOCK_BUY_IMBALANCE_ADV_RATIO(20)·NRES,IRVH,GGT PRE | TOP_VOLUME_RATE(20)·IBIT,MWC,NVD | HOT_BY_OPT_VOLUME(0) | HALTED(1)·OPTH
[13:26:33] TOP_PERC_GAIN(20)·MWC,POEL,VIDA | TOP_OPEN_PERC_GAIN(0) | HOT_BY_VOLUME(20)·PPBT,SUGP,MWC | TOP_STOCK_BUY_IMBALANCE_ADV_RATIO(20)·NRES,IRVH,GGT PRE | TOP_VOLUME_RATE(20)·IBIT,MWC,NVD | HOT_BY_OPT_VOLUME(0) | HALTED(1)·OPTH
[13:27:04] TOP_PERC_GAIN(20)·MWC,POEL,VIDA | TOP_OPEN_PERC_GAIN(0) | HOT_BY_VOLUME(20)·PPBT,SUGP,MWC | TOP_STOCK_BUY_IMBALANCE_ADV_RATIO(20)·NRES,IRVH,GGT PRE | TOP_VOLUME_RATE(20)·IBIT,SOXS,MWC | HOT_BY_OPT_VOLUME(0) | HALTED(1)·OPTH
[13:27:34] TOP_PERC_GAIN(20)·MWC,POEL,VIDA | TOP_OPEN_PERC_GAIN(0) | HOT_BY_VOLUME(20)·PPBT,SUGP,MWC | TOP_STOCK_BUY_IMBALANCE_ADV_RATIO(20)·NRES,IRVH,GGT PRE | TOP_VOLUME_RATE(20)·IBIT,SOXS,MWC | HOT_BY_OPT_VOLUME(0) | HALTED(1)·OPTH
[13:28:04] TOP_PERC_GAIN(20)·MWC,POEL,VIDA | TOP_OPEN_PERC_GAIN(0) | HOT_BY_VOLUME(20)·PPBT,SUGP,MWC | TOP_STOCK_BUY_IMBALANCE_ADV_RATIO(20)·NRES,IRVH,GGT PRE | TOP_VOLUME_RATE(20)·IBIT,SOXS,SNDQ | HOT_BY_OPT_VOLUME(0) | HALTED(1)·OPTH
[13:28:34] TOP_PERC_GAIN(20)·MWC,POEL,VIDA | TOP_OPEN_PERC_GAIN(0) | HOT_BY_VOLUME(20)·PPBT,SUGP,MWC | TOP_STOCK_BUY_IMBALANCE_ADV_RATIO(20)·IRVH,GGT PRE,NRES | TOP_VOLUME_RATE(20)·MWC,SOXS,IBIT | HOT_BY_OPT_VOLUME(0) | HALTED(1)·OPTH
[13:29:04] TOP_PERC_GAIN(20)·MWC,MODD,POEL | TOP_OPEN_PERC_GAIN(0) | HOT_BY_VOLUME(20)·PPBT,SUGP,MWC | TOP_STOCK_BUY_IMBALANCE_ADV_RATIO(20)·CBON,GGT PRE,NRES | TOP_VOLUME_RATE(20)·SOXS,JYD,MWC | HOT_BY_OPT_VOLUME(0) | HALTED(1)·OPTH
[13:29:34] TOP_PERC_GAIN(20)·MWC,POEL,VIDA | TOP_OPEN_PERC_GAIN(0) | HOT_BY_VOLUME(20)·PPBT,SUGP,MWC | TOP_STOCK_BUY_IMBALANCE_ADV_RATIO(20)·CBON,GGT PRE,NRES | TOP_VOLUME_RATE(20)·SOXS,MWC,NVD | HOT_BY_OPT_VOLUME(0) | HALTED(1)·OPTH
[13:30:04] TOP_PERC_GAIN(20)·MWC,POEL,VIDA | TOP_OPEN_PERC_GAIN(0) | HOT_BY_VOLUME(20)·PPBT,SUGP,MWC | TOP_STOCK_BUY_IMBALANCE_ADV_RATIO(20)·NRES,CBON,MFLX | TOP_VOLUME_RATE(20)·SOXS,TZA,MWC | HOT_BY_OPT_VOLUME(0) | HALTED(1)·OPTH
[13:30:34] TOP_PERC_GAIN(20)·MWC,POEL,VIDA | TOP_OPEN_PERC_GAIN(20)·SXTC,VUZI,SGC | HOT_BY_VOLUME(20)·PPBT,SUGP,MWC | TOP_STOCK_BUY_IMBALANCE_ADV_RATIO(20)·VERS,CBON,GSPY | TOP_VOLUME_RATE(20)·SOXS,PLUG,INTC | HOT_BY_OPT_VOLUME(20)·SMPL,SILA,BZ | HALTED(1)·OPTH
[13:31:04] TOP_PERC_GAIN(20)·MWC,POEL,TATT | TOP_OPEN_PERC_GAIN(20)·HSPT,SXTC,VUZI | HOT_BY_VOLUME(20)·PPBT,SUGP,MWC | TOP_STOCK_BUY_IMBALANCE_ADV_RATIO(20)·HF,PRVS,HSMV | TOP_VOLUME_RATE(20)·SOXS,PLUG,INTC | HOT_BY_OPT_VOLUME(20)·SMPL,SILA,BZ | HALTED(2)·OPTH,GIGGU
[13:31:34] TOP_PERC_GAIN(20)·MWC,HSPT,POEL | TOP_OPEN_PERC_GAIN(20)·HSPT,SXTC,VUZI | HOT_BY_VOLUME(20)·PPBT,SUGP,MWC | TOP_STOCK_BUY_IMBALANCE_ADV_RATIO(20)·HF,PRVS,HSMV | TOP_VOLUME_RATE(20)·SOXS,NVDA,INTC | HOT_BY_OPT_VOLUME(20)·SMPL,SILA,KCE | HALTED(2)·OPTH,GIGGU
[13:32:04] TOP_PERC_GAIN(20)·MWC,POEL,IMVT | TOP_OPEN_PERC_GAIN(20)·HSPT,SXTC,VUZI | HOT_BY_VOLUME(20)·PPBT,SUGP,MWC | TOP_STOCK_BUY_IMBALANCE_ADV_RATIO(20)·PRVS,HSMV,RND | TOP_VOLUME_RATE(20)·SOXS,NVDA,INTC | HOT_BY_OPT_VOLUME(20)·SMPL,SILA,PEX | HALTED(2)·OPTH,GIGGU
[13:32:34] TOP_PERC_GAIN(20)·MWC,POEL,IMVT | TOP_OPEN_PERC_GAIN(20)·SXTC,VUZI,HSPT | HOT_BY_VOLUME(20)·PPBT,SUGP,MWC | TOP_STOCK_BUY_IMBALANCE_ADV_RATIO(20)·PRVS,HSMV,RND | TOP_VOLUME_RATE(20)·INTC,TSLL,SOXS | HOT_BY_OPT_VOLUME(20)·SMPL,SILA,PEX | HALTED(2)·OPTH,GIGGU
[13:33:04] TOP_PERC_GAIN(20)·MWC,POEL,IMVT | TOP_OPEN_PERC_GAIN(20)·SXTC,VUZI,HSPT | HOT_BY_VOLUME(20)·PPBT,SUGP,MWC | TOP_STOCK_BUY_IMBALANCE_ADV_RATIO(20)·PRVS,HSMV,RND | TOP_VOLUME_RATE(20)·INTC,SOXS,GRAB | HOT_BY_OPT_VOLUME(20)·SMPL,SILA,PEX | HALTED(2)·OPTH,GIGGU
[13:33:34] TOP_PERC_GAIN(20)·MWC,IMVT,POEL | TOP_OPEN_PERC_GAIN(20)·SXTC,VUZI,HSPT | HOT_BY_VOLUME(20)·PPBT,SUGP,MWC | TOP_STOCK_BUY_IMBALANCE_ADV_RATIO(20)·PRVS,HSMV,RND | TOP_VOLUME_RATE(20)·INTC,SOXS,T | HOT_BY_OPT_VOLUME(20)·SMPL,VFMF,SILA | HALTED(2)·OPTH,GIGGU
[13:34:04] TOP_PERC_GAIN(20)·MWC,HYFT,IMVT | TOP_OPEN_PERC_GAIN(20)·SXTC,VUZI,GVH | HOT_BY_VOLUME(20)·PPBT,SUGP,MWC | TOP_STOCK_BUY_IMBALANCE_ADV_RATIO(20)·PRVS,HSMV,RND | TOP_VOLUME_RATE(20)·INTC,SOXS,TE | HOT_BY_OPT_VOLUME(20)·MTG,SMPL,VFMF | HALTED(2)·OPTH,GIGGU
[13:34:34] TOP_PERC_GAIN(20)·MWC,IMVT,TATT | TOP_OPEN_PERC_GAIN(20)·SXTC,VUZI,GVH | HOT_BY_VOLUME(20)·PPBT,SUGP,MWC | TOP_STOCK_BUY_IMBALANCE_ADV_RATIO(20)·PRVS,HSMV,RND | TOP_VOLUME_RATE(20)·TE,INTC,SOXS | HOT_BY_OPT_VOLUME(20)·MTG,SMPL,VFMF | HALTED(2)·OPTH,GIGGU
[13:35:04] TOP_PERC_GAIN(20)·MWC,IMVT,POEL | TOP_OPEN_PERC_GAIN(20)·JDZG,SXTC,GVH | HOT_BY_VOLUME(20)·PPBT,SUGP,MWC | TOP_STOCK_BUY_IMBALANCE_ADV_RATIO(20)·PRVS,HSMV,RND | TOP_VOLUME_RATE(20)·BTG,TE,NOK | HOT_BY_OPT_VOLUME(20)·MTG,SMPL,VFMF | HALTED(2)·OPTH,GIGGU
[13:35:34] TOP_PERC_GAIN(20)·MWC,IMVT,POEL | TOP_OPEN_PERC_GAIN(20)·SXTC,GSRFR,GVH | HOT_BY_VOLUME(20)·PPBT,SUGP,MWC | TOP_STOCK_BUY_IMBALANCE_ADV_RATIO(20)·PRVS,HSMV,RND | TOP_VOLUME_RATE(20)·BTG,SOXS,TE | HOT_BY_OPT_VOLUME(20)·MTG,SMPL,VFMF | HALTED(1)·OPTH
[13:36:04] TOP_PERC_GAIN(20)·MWC,IMVT,POEL | TOP_OPEN_PERC_GAIN(20)·GVH,GSRFR,MWC | HOT_BY_VOLUME(20)·PPBT,SUGP,MWC | TOP_STOCK_BUY_IMBALANCE_ADV_RATIO(19)·HSMV,RND,PRVS | TOP_VOLUME_RATE(20)·MWC,SOXS,INTC | HOT_BY_OPT_VOLUME(20)·MTG,SMPL,VFMF | HALTED(3)·MWC,OPTH,MODD
[13:36:34] TOP_PERC_GAIN(20)·MWC,IMVT,VIDA | TOP_OPEN_PERC_GAIN(20)·QUCY,GSRFR,GVH | HOT_BY_VOLUME(20)·PPBT,SUGP,MWC | TOP_STOCK_BUY_IMBALANCE_ADV_RATIO(19)·HSMV,RND,PRVS | TOP_VOLUME_RATE(20)·MWC,SOXS,SPDN | HOT_BY_OPT_VOLUME(20)·MTG,SMPL,VFMF | HALTED(3)·MWC,OPTH,MODD
[13:37:04] TOP_PERC_GAIN(20)·MWC,VIDA,IMVT | TOP_OPEN_PERC_GAIN(20)·QUCY,GVH,GSRFR | HOT_BY_VOLUME(20)·PPBT,SUGP,MWC | TOP_STOCK_BUY_IMBALANCE_ADV_RATIO(20)·HSMV,RND,PRVS | TOP_VOLUME_RATE(20)·SOXS,INTC,TZA | HOT_BY_OPT_VOLUME(20)·MTG,SMPL,ARKO | HALTED(3)·MWC,OPTH,MODD
[13:37:34] TOP_PERC_GAIN(20)·MWC,VIDA,IMVT | TOP_OPEN_PERC_GAIN(20)·QUCY,GVH,GSRFR | HOT_BY_VOLUME(20)·PPBT,SUGP,MWC | TOP_STOCK_BUY_IMBALANCE_ADV_RATIO(20)·HSMV,RND,PRVS | TOP_VOLUME_RATE(20)·XLG,SOXS,IQMM | HOT_BY_OPT_VOLUME(20)·MTG,SMPL,ARKO | HALTED(3)·MWC,OPTH,MODD
[13:38:04] TOP_PERC_GAIN(20)·MWC,IMVT,VIDA | TOP_OPEN_PERC_GAIN(20)·QUCY,GSRFR,MWC | HOT_BY_VOLUME(20)·PPBT,SUGP,MWC | TOP_STOCK_BUY_IMBALANCE_ADV_RATIO(15)·HF,PRVS,HSMV | TOP_VOLUME_RATE(20)·VO,SOXS,AVIV | HOT_BY_OPT_VOLUME(20)·MTG,SMPL,ARKO | HALTED(3)·MWC,OPTH,MODD
[13:38:34] TOP_PERC_GAIN(20)·MWC,IMVT,VIDA | TOP_OPEN_PERC_GAIN(20)·QUCY,GTN A,GSRFR | HOT_BY_VOLUME(20)·PPBT,SUGP,MWC | TOP_STOCK_BUY_IMBALANCE_ADV_RATIO(13)·HF,PRVS,HSMV | TOP_VOLUME_RATE(20)·VO,SPDN,RSP | HOT_BY_OPT_VOLUME(20)·MTG,SMPL,ARKO | HALTED(3)·MWC,OPTH,MODD
[13:39:04] TOP_PERC_GAIN(20)·MWC,CBRG,VIDA | TOP_OPEN_PERC_GAIN(20)·QUCY,GTN A,GSRFR | HOT_BY_VOLUME(20)·PPBT,SUGP,MWC | TOP_STOCK_BUY_IMBALANCE_ADV_RATIO(20)·HF,PRVS,HSMV | TOP_VOLUME_RATE(20)·HYG,EFV,SOXS | HOT_BY_OPT_VOLUME(20)·MTG,SMPL,ARKO | HALTED(3)·MWC,OPTH,MODD
[13:39:34] TOP_PERC_GAIN(20)·MWC,IMVT,VIDA | TOP_OPEN_PERC_GAIN(20)·GTN A,QUCY,ARMG | HOT_BY_VOLUME(20)·PPBT,SUGP,MWC | TOP_STOCK_BUY_IMBALANCE_ADV_RATIO(20)·HF,PRVS,HSMV | TOP_VOLUME_RATE(20)·HYG,EFV,SOXS | HOT_BY_OPT_VOLUME(20)·MTG,SMPL,ARKO | HALTED(3)·MWC,OPTH,MODD
[13:40:04] TOP_PERC_GAIN(20)·MWC,IMVT,CBRG | TOP_OPEN_PERC_GAIN(20)·HCWB,GTN A,QUCY | HOT_BY_VOLUME(20)·PPBT,SUGP,MWC | TOP_STOCK_BUY_IMBALANCE_ADV_RATIO(20)·HF,PRVS,HSMV | TOP_VOLUME_RATE(20)·SOXS,HYG,EFV | HOT_BY_OPT_VOLUME(20)·MTG,SMPL,ARKO | HALTED(3)·MWC,OPTH,MODD
[13:40:34] TOP_PERC_GAIN(20)·MWC,VIDA,IMVT | TOP_OPEN_PERC_GAIN(20)·GTN A,QUCY,ARMG | HOT_BY_VOLUME(20)·PPBT,SUGP,MWC | TOP_STOCK_BUY_IMBALANCE_ADV_RATIO(10)·HSMV,RND,CPSM | TOP_VOLUME_RATE(20)·SOXS,HYG,EFV | HOT_BY_OPT_VOLUME(20)·MTG,SMPL,ARKO | HALTED(3)·MWC,OPTH,MODD
[13:41:04] TOP_PERC_GAIN(20)·MWC,IMVT,ARMG | TOP_OPEN_PERC_GAIN(20)·QUCY,ARMG,GTN A | HOT_BY_VOLUME(20)·PPBT,SUGP,MWC | TOP_STOCK_BUY_IMBALANCE_ADV_RATIO(9)·HSMV,RND,CPSM | TOP_VOLUME_RATE(20)·SOXS,TSLL,INTC | HOT_BY_OPT_VOLUME(20)·MTG,BCE,SMPL | HALTED(2)·OPTH,LICN
[13:41:34] TOP_PERC_GAIN(20)·MWC,IMVT,POEL | TOP_OPEN_PERC_GAIN(20)·ARMG,QUCY,VUZI | HOT_BY_VOLUME(20)·PPBT,SUGP,MWC | TOP_STOCK_BUY_IMBALANCE_ADV_RATIO(9)·HSMV,RND,CPSM | TOP_VOLUME_RATE(20)·SOXS,SOXL,BITO | HOT_BY_OPT_VOLUME(20)·MTG,BCE,SMPL | HALTED(2)·OPTH,LICN
[13:42:04] TOP_PERC_GAIN(20)·MWC,IMVT,CBRG | TOP_OPEN_PERC_GAIN(20)·VUZI,ARMG,QUCY | HOT_BY_VOLUME(20)·PPBT,SUGP,MWC | TOP_STOCK_BUY_IMBALANCE_ADV_RATIO(9)·HSMV,RND,CPSM | TOP_VOLUME_RATE(20)·SOXS,MWC,INTC | HOT_BY_OPT_VOLUME(20)·MTG,BCE,SMPL | HALTED(2)·OPTH,LICN
[13:42:34] TOP_PERC_GAIN(20)·MWC,IMVT,ARMG | TOP_OPEN_PERC_GAIN(20)·QUCY,ARMG,VUZI | HOT_BY_VOLUME(20)·PPBT,SUGP,MWC | TOP_STOCK_BUY_IMBALANCE_ADV_RATIO(9)·HSMV,RND,CPSM | TOP_VOLUME_RATE(20)·SOXS,TZA,MWC | HOT_BY_OPT_VOLUME(20)·MTG,BCE,SMPL | HALTED(2)·OPTH,LICN
[13:43:04] TOP_PERC_GAIN(20)·MWC,IMVT,ARMG | TOP_OPEN_PERC_GAIN(20)·QUCY,ARMG,VUZI | HOT_BY_VOLUME(20)·PPBT,SUGP,MWC | TOP_STOCK_BUY_IMBALANCE_ADV_RATIO(9)·HSMV,RND,CPSM | TOP_VOLUME_RATE(20)·SOXS,TZA,MWC | HOT_BY_OPT_VOLUME(20)·MTG,BCE,SMPL | HALTED(2)·OPTH,LICN
[13:43:34] TOP_PERC_GAIN(20)·MWC,IMVT,POEL | TOP_OPEN_PERC_GAIN(20)·QUCY,GTN A,ARMG | HOT_BY_VOLUME(20)·PPBT,SUGP,MWC | TOP_STOCK_BUY_IMBALANCE_ADV_RATIO(9)·HSMV,RND,CPSM | TOP_VOLUME_RATE(20)·NU,TZA,TSLL | HOT_BY_OPT_VOLUME(20)·MTG,BCE,SMPL | HALTED(2)·OPTH,LICN
[13:44:04] TOP_PERC_GAIN(20)·MWC,POEL,IMVT | TOP_OPEN_PERC_GAIN(20)·QUCY,JDZG,ARMG | HOT_BY_VOLUME(20)·PPBT,SUGP,MWC | TOP_STOCK_BUY_IMBALANCE_ADV_RATIO(8)·HSMV,RND,CPSM | TOP_VOLUME_RATE(20)·EWZ,SOXS,TSLL | HOT_BY_OPT_VOLUME(20)·MTG,BCE,SMPL | HALTED(2)·OPTH,LICN
[13:44:35] TOP_PERC_GAIN(20)·MWC,POEL,IMVT | TOP_OPEN_PERC_GAIN(20)·QUCY,JDZG,ARMG | HOT_BY_VOLUME(20)·PPBT,SUGP,MWC | TOP_STOCK_BUY_IMBALANCE_ADV_RATIO(8)·HSMV,RND,CPSM | TOP_VOLUME_RATE(20)·EWZ,SOXS,TSLL | HOT_BY_OPT_VOLUME(20)·MTG,BCE,SMPL | HALTED(2)·OPTH,LICN
[13:45:05] TOP_PERC_GAIN(20)·MWC,POEL,IMVT | TOP_OPEN_PERC_GAIN(20)·QUCY,ARMG,JDZG | HOT_BY_VOLUME(20)·PPBT,SUGP,MWC | TOP_STOCK_BUY_IMBALANCE_ADV_RATIO(8)·HSMV,RND,CPSM | TOP_VOLUME_RATE(20)·EWZ,SOXS,TSLL | HOT_BY_OPT_VOLUME(20)·MTG,BCE,SMPL | HALTED(2)·OPTH,LICN
[13:45:35] TOP_PERC_GAIN(20)·MWC,POEL,IMVT | TOP_OPEN_PERC_GAIN(20)·QUCY,ARMG,JDZG | HOT_BY_VOLUME(20)·PPBT,SUGP,MWC | TOP_STOCK_BUY_IMBALANCE_ADV_RATIO(8)·HSMV,RND,CPSM | TOP_VOLUME_RATE(20)·SOXS,MUB,TSLL | HOT_BY_OPT_VOLUME(20)·MTG,BCE,SMPL | HALTED(2)·OPTH,LICN
[13:46:05] TOP_PERC_GAIN(20)·MWC,IMVT,POEL | TOP_OPEN_PERC_GAIN(20)·ARMG,QUCY,VUZI | HOT_BY_VOLUME(20)·PPBT,SUGP,MWC | TOP_STOCK_BUY_IMBALANCE_ADV_RATIO(8)·HSMV,RND,CPSM | TOP_VOLUME_RATE(20)·TZA,SOXS,TE | HOT_BY_OPT_VOLUME(20)·MTG,BCE,RRGB | HALTED(1)·OPTH
[13:46:35] TOP_PERC_GAIN(20)·MWC,IMVT,ARMG | TOP_OPEN_PERC_GAIN(20)·CNEY,QUCY,ARMG | HOT_BY_VOLUME(20)·PPBT,SUGP,MWC | TOP_STOCK_BUY_IMBALANCE_ADV_RATIO(8)·HSMV,RND,CPSM | TOP_VOLUME_RATE(20)·SOXS,TZA,GRAB | HOT_BY_OPT_VOLUME(20)·MTG,BCE,RRGB | HALTED(1)·OPTH
[13:47:05] TOP_PERC_GAIN(20)·MWC,POEL,IMVT | TOP_OPEN_PERC_GAIN(20)·QUCY,RMCO,ARMG | HOT_BY_VOLUME(20)·PPBT,SUGP,MWC | TOP_STOCK_BUY_IMBALANCE_ADV_RATIO(8)·HSMV,RND,CPSM | TOP_VOLUME_RATE(20)·SOXS,TZA,GRAB | HOT_BY_OPT_VOLUME(20)·MTG,BCE,RRGB | HALTED(1)·OPTH
[13:47:35] TOP_PERC_GAIN(20)·MWC,POEL,IMVT | TOP_OPEN_PERC_GAIN(20)·QUCY,ARMG,RMCO | HOT_BY_VOLUME(20)·PPBT,SUGP,MWC | TOP_STOCK_BUY_IMBALANCE_ADV_RATIO(8)·HSMV,RND,CPSM | TOP_VOLUME_RATE(20)·SOXS,TZA,GRAB | HOT_BY_OPT_VOLUME(20)·MTG,BCE,RRGB | HALTED(1)·OPTH
[13:48:05] TOP_PERC_GAIN(20)·MWC,ARMG,HYFT | TOP_OPEN_PERC_GAIN(20)·QUCY,ARMG,RMCO | HOT_BY_VOLUME(20)·PPBT,SUGP,MWC | TOP_STOCK_BUY_IMBALANCE_ADV_RATIO(8)·HSMV,RND,CPSM | TOP_VOLUME_RATE(20)·SOXS,BB,TZA | HOT_BY_OPT_VOLUME(20)·MTG,BCE,RRGB | HALTED(1)·OPTH
[13:48:35] TOP_PERC_GAIN(20)·MWC,ARMG,HYFT | TOP_OPEN_PERC_GAIN(20)·QUCY,ARMG,RMCO | HOT_BY_VOLUME(20)·PPBT,SUGP,MWC | TOP_STOCK_BUY_IMBALANCE_ADV_RATIO(8)·HSMV,RND,CPSM | TOP_VOLUME_RATE(20)·SOXS,BB,TZA | HOT_BY_OPT_VOLUME(20)·MTG,BCE,RRGB | HALTED(1)·OPTH
[13:49:05] TOP_PERC_GAIN(20)·MWC,IMVT,ARMG | TOP_OPEN_PERC_GAIN(20)·QUCY,ARMG,GTN A | HOT_BY_VOLUME(20)·PPBT,SUGP,MWC | TOP_STOCK_BUY_IMBALANCE_ADV_RATIO(8)·HSMV,RND,CPSM | TOP_VOLUME_RATE(20)·XLE,SOXS,NOK | HOT_BY_OPT_VOLUME(20)·BBNX,MTG,RRGB | HALTED(1)·OPTH
[13:49:35] TOP_PERC_GAIN(20)·MWC,IMVT,ARMG | TOP_OPEN_PERC_GAIN(20)·GTN A,QUCY,ARMG | HOT_BY_VOLUME(20)·PPBT,SUGP,MWC | TOP_STOCK_BUY_IMBALANCE_ADV_RATIO(8)·HSMV,RND,CPSM | TOP_VOLUME_RATE(20)·XLE,SOXS,NOK | HOT_BY_OPT_VOLUME(20)·BBNX,MTG,RRGB | HALTED(1)·OPTH
[13:50:05] TOP_PERC_GAIN(20)·MWC,IMVT,ARMG | TOP_OPEN_PERC_GAIN(20)·GTN A,QUCY,ARMG | HOT_BY_VOLUME(20)·PPBT,SUGP,MWC | TOP_STOCK_BUY_IMBALANCE_ADV_RATIO(8)·HSMV,RND,CPSM | TOP_VOLUME_RATE(20)·SOXS,SPDN,XLE | HOT_BY_OPT_VOLUME(20)·BBNX,MTG,RRGB | HALTED(1)·OPTH
[13:50:35] TOP_PERC_GAIN(20)·MWC,IMVT,HYFT | TOP_OPEN_PERC_GAIN(20)·GTN A,QUCY,ARMG | HOT_BY_VOLUME(20)·PPBT,SUGP,MWC | TOP_STOCK_BUY_IMBALANCE_ADV_RATIO(8)·HSMV,RND,CPSM | TOP_VOLUME_RATE(20)·ILF,SOXS,SPDN | HOT_BY_OPT_VOLUME(20)·BBNX,MTG,RRGB | HALTED(1)·OPTH
[13:51:05] TOP_PERC_GAIN(20)·MWC,RGNT,ARMG | TOP_OPEN_PERC_GAIN(20)·RGNT,GTN A,ARMG | HOT_BY_VOLUME(20)·PPBT,SUGP,MWC | TOP_STOCK_BUY_IMBALANCE_ADV_RATIO(8)·HSMV,RND,CPSM | TOP_VOLUME_RATE(20)·ILF,SOXS,INDI | HOT_BY_OPT_VOLUME(20)·BBNX,MTG,RRGB | HALTED(1)·OPTH
[13:51:35] TOP_PERC_GAIN(20)·MWC,RGNT,ARMG | TOP_OPEN_PERC_GAIN(20)·RGNT,GTN A,ARMG | HOT_BY_VOLUME(20)·PPBT,SUGP,MWC | TOP_STOCK_BUY_IMBALANCE_ADV_RATIO(8)·HSMV,RND,CPSM | TOP_VOLUME_RATE(20)·ILF,SOXS,INTC | HOT_BY_OPT_VOLUME(20)·BBNX,MTG,RRGB | HALTED(1)·OPTH
[13:52:05] TOP_PERC_GAIN(20)·MWC,RGNT,IMVT | TOP_OPEN_PERC_GAIN(20)·RGNT,GTN A,ARMG | HOT_BY_VOLUME(20)·PPBT,SUGP,MWC | TOP_STOCK_BUY_IMBALANCE_ADV_RATIO(9)·HSMV,RND,CPSM | TOP_VOLUME_RATE(20)·SPDN,TZA,SOXS | HOT_BY_OPT_VOLUME(20)·BBNX,MTG,RRGB | HALTED(2)·MWC,OPTH
[13:52:35] TOP_PERC_GAIN(20)·MWC,RGNT,IMVT | TOP_OPEN_PERC_GAIN(20)·RGNT,GTN A,QUCY | HOT_BY_VOLUME(20)·PPBT,SUGP,MWC | TOP_STOCK_BUY_IMBALANCE_ADV_RATIO(9)·HSMV,RND,CPSM | TOP_VOLUME_RATE(20)·SPDN,SOXS,TZA | HOT_BY_OPT_VOLUME(20)·BBNX,MTG,RRGB | HALTED(2)·MWC,OPTH
[13:53:05] TOP_PERC_GAIN(20)·MWC,RGNT,IMVT | TOP_OPEN_PERC_GAIN(20)·RGNT,QUCY,JDZG | HOT_BY_VOLUME(20)·PPBT,SUGP,MWC | TOP_STOCK_BUY_IMBALANCE_ADV_RATIO(8)·HSMV,RND,CPSM | TOP_VOLUME_RATE(20)·SPDN,SOXS,BITO | HOT_BY_OPT_VOLUME(20)·BBNX,MTG,RRGB | HALTED(2)·MWC,OPTH
[13:53:35] TOP_PERC_GAIN(20)·MWC,IMVT,ARMG | TOP_OPEN_PERC_GAIN(20)·SMJF,JDZG,QUCY | HOT_BY_VOLUME(20)·PPBT,SUGP,MWC | TOP_STOCK_BUY_IMBALANCE_ADV_RATIO(9)·HSMV,RND,CPSM | TOP_VOLUME_RATE(20)·SOXS,SPDN,INTC | HOT_BY_OPT_VOLUME(20)·BBNX,MTG,RRGB | HALTED(2)·MWC,OPTH
[13:54:05] TOP_PERC_GAIN(20)·MWC,IMVT,ARMG | TOP_OPEN_PERC_GAIN(20)·SMJF,JDZG,QUCY | HOT_BY_VOLUME(20)·PPBT,SUGP,MWC | TOP_STOCK_BUY_IMBALANCE_ADV_RATIO(9)·HSMV,RND,CPSM | TOP_VOLUME_RATE(20)·SOXS,TZA,SPDN | HOT_BY_OPT_VOLUME(20)·BBNX,MTG,RRGB | HALTED(2)·MWC,OPTH
[13:54:35] TOP_PERC_GAIN(20)·MWC,IMVT,ARMG | TOP_OPEN_PERC_GAIN(20)·SMJF,RGNT,GTN A | HOT_BY_VOLUME(20)·PPBT,SUGP,MWC | TOP_STOCK_BUY_IMBALANCE_ADV_RATIO(8)·HSMV,RND,CPSM | TOP_VOLUME_RATE(20)·SOXS,INTC,TZA | HOT_BY_OPT_VOLUME(20)·BBNX,MTG,HERO | HALTED(2)·MWC,OPTH
[13:55:05] TOP_PERC_GAIN(20)·MWC,IMVT,ARMG | TOP_OPEN_PERC_GAIN(20)·SMJF,GTN A,QUCY | HOT_BY_VOLUME(20)·PPBT,SUGP,MWC | TOP_STOCK_BUY_IMBALANCE_ADV_RATIO(8)·HSMV,RND,CPSM | TOP_VOLUME_RATE(20)·SOXS,INTC,GCTS | HOT_BY_OPT_VOLUME(20)·BBNX,MTG,HERO | HALTED(2)·MWC,OPTH
[13:55:35] TOP_PERC_GAIN(20)·MWC,IMVT,ARMG | TOP_OPEN_PERC_GAIN(20)·SMJF,GTN A,QUCY | HOT_BY_VOLUME(20)·PPBT,SUGP,MWC | TOP_STOCK_BUY_IMBALANCE_ADV_RATIO(8)·HSMV,RND,CPSM | TOP_VOLUME_RATE(20)·SOXS,TSLL,INTC | HOT_BY_OPT_VOLUME(20)·BBNX,MTG,HERO | HALTED(2)·MWC,OPTH
[13:56:05] TOP_PERC_GAIN(20)·MWC,IMVT,WNW | TOP_OPEN_PERC_GAIN(20)·RGNT,QUCY,GTN A | HOT_BY_VOLUME(20)·PPBT,SUGP,MWC | TOP_STOCK_BUY_IMBALANCE_ADV_RATIO(8)·HSMV,RND,CPSM | TOP_VOLUME_RATE(20)·SOXS,KWEB,INTC | HOT_BY_OPT_VOLUME(20)·BBNX,MTG,HERO | HALTED(2)·MWC,OPTH
[13:56:35] TOP_PERC_GAIN(20)·MWC,IMVT,WNW | TOP_OPEN_PERC_GAIN(20)·SMJF,QUCY,RGNT | HOT_BY_VOLUME(20)·PPBT,SUGP,MWC | TOP_STOCK_BUY_IMBALANCE_ADV_RATIO(8)·HSMV,RND,CPSM | TOP_VOLUME_RATE(20)·TZA,SOXS,TQQQ | HOT_BY_OPT_VOLUME(20)·BBNX,MTG,HERO | HALTED(2)·MWC,OPTH
[13:57:05] TOP_PERC_GAIN(20)·MWC,IMVT,ARMG | TOP_OPEN_PERC_GAIN(20)·QUCY,GTN A,ARMG | HOT_BY_VOLUME(20)·PPBT,SUGP,MWC | TOP_STOCK_BUY_IMBALANCE_ADV_RATIO(8)·HSMV,RND,CPSM | TOP_VOLUME_RATE(20)·SOXS,TZA,NVDA | HOT_BY_OPT_VOLUME(20)·BBNX,MTG,HERO | HALTED(1)·OPTH
[13:57:35] TOP_PERC_GAIN(20)·MWC,IMVT,WNW | TOP_OPEN_PERC_GAIN(20)·QUCY,GTN A,ARMG | HOT_BY_VOLUME(20)·PPBT,SUGP,MWC | TOP_STOCK_BUY_IMBALANCE_ADV_RATIO(8)·HSMV,RND,CPSM | TOP_VOLUME_RATE(20)·SOXS,HST,BITO | HOT_BY_OPT_VOLUME(20)·BBNX,MTG,HERO | HALTED(1)·OPTH
[13:58:05] TOP_PERC_GAIN(20)·MWC,IMVT,WNW | TOP_OPEN_PERC_GAIN(20)·GTN A,SMJF,QUCY | HOT_BY_VOLUME(20)·PPBT,SUGP,MWC | TOP_STOCK_BUY_IMBALANCE_ADV_RATIO(8)·HSMV,RND,CPSM | TOP_VOLUME_RATE(20)·SOXS,T,HST | HOT_BY_OPT_VOLUME(20)·BBNX,MTG,RRGB | HALTED(1)·OPTH
[13:58:35] TOP_PERC_GAIN(20)·MWC,IMVT,ARMG | TOP_OPEN_PERC_GAIN(20)·SMJF,QUCY,GTN A | HOT_BY_VOLUME(20)·PPBT,SUGP,MWC | TOP_STOCK_BUY_IMBALANCE_ADV_RATIO(8)·HSMV,RND,CPSM | TOP_VOLUME_RATE(20)·SOXS,T,HST | HOT_BY_OPT_VOLUME(20)·BBNX,MTG,RRGB | HALTED(1)·OPTH
[13:59:05] TOP_PERC_GAIN(20)·MWC,IMVT,WNW | TOP_OPEN_PERC_GAIN(20)·QUCY,SMJF,GTN A | HOT_BY_VOLUME(20)·PPBT,SUGP,MWC | TOP_STOCK_BUY_IMBALANCE_ADV_RATIO(8)·HSMV,RND,CPSM | TOP_VOLUME_RATE(20)·SOXS,INTC,BITO | HOT_BY_OPT_VOLUME(20)·BBNX,GIF,MTG | HALTED(1)·OPTH
[13:59:35] TOP_PERC_GAIN(20)·MWC,IMVT,ARMG | TOP_OPEN_PERC_GAIN(20)·QUCY,SMJF,GTN A | HOT_BY_VOLUME(20)·PPBT,SUGP,MWC | TOP_STOCK_BUY_IMBALANCE_ADV_RATIO(8)·HSMV,RND,CPSM | TOP_VOLUME_RATE(20)·BITO,SOXS,INTC | HOT_BY_OPT_VOLUME(20)·BBNX,GIF,MTG | HALTED(1)·OPTH
[14:00:05] TOP_PERC_GAIN(20)·MWC,IMVT,ARMG | TOP_OPEN_PERC_GAIN(20)·GTN A,SMJF,QUCY | HOT_BY_VOLUME(20)·PPBT,SUGP,MWC | TOP_STOCK_BUY_IMBALANCE_ADV_RATIO(8)·HSMV,RND,CPSM | TOP_VOLUME_RATE(20)·BITO,SOXS,TZA | HOT_BY_OPT_VOLUME(20)·BBNX,GIF,MTG | HALTED(1)·OPTH
[14:00:35] TOP_PERC_GAIN(20)·MWC,IMVT,ARMG | TOP_OPEN_PERC_GAIN(20)·GTN A,QUCY,SMJF | HOT_BY_VOLUME(20)·PPBT,SUGP,MWC | TOP_STOCK_BUY_IMBALANCE_ADV_RATIO(8)·HSMV,RND,CPSM | TOP_VOLUME_RATE(20)·INTC,BITO,NIO | HOT_BY_OPT_VOLUME(20)·PDLB,BBNX,GIF | HALTED(1)·OPTH
[14:01:05] TOP_PERC_GAIN(20)·MWC,ARMG,IMVT | TOP_OPEN_PERC_GAIN(20)·GTN A,QUCY,SMJF | HOT_BY_VOLUME(20)·PPBT,SUGP,MWC | TOP_STOCK_BUY_IMBALANCE_ADV_RATIO(8)·HSMV,RND,CPSM | TOP_VOLUME_RATE(20)·TE,SOXS,INTC | HOT_BY_OPT_VOLUME(20)·PDLB,BBNX,GIF | HALTED(1)·OPTH
[14:01:35] TOP_PERC_GAIN(20)·MWC,RGNT,ARMG | TOP_OPEN_PERC_GAIN(20)·GTN A,QUCY,SMJF | HOT_BY_VOLUME(20)·PPBT,SUGP,MWC | TOP_STOCK_BUY_IMBALANCE_ADV_RATIO(8)·HSMV,RND,CPSM | TOP_VOLUME_RATE(20)·SOXS,TE,INTC | HOT_BY_OPT_VOLUME(20)·PDLB,BBNX,GIF | HALTED(1)·OPTH
[14:02:05] TOP_PERC_GAIN(20)·MWC,ARMG,IMVT | TOP_OPEN_PERC_GAIN(20)·GTN A,QUCY,RGNT | HOT_BY_VOLUME(20)·PPBT,SUGP,MWC | TOP_STOCK_BUY_IMBALANCE_ADV_RATIO(8)·HSMV,RND,CPSM | TOP_VOLUME_RATE(20)·INTC,SOXS,TE | HOT_BY_OPT_VOLUME(20)·PDLB,BBNX,GIF | HALTED(1)·OPTH
[14:02:35] TOP_PERC_GAIN(20)·MWC,IMVT,ARMG | TOP_OPEN_PERC_GAIN(20)·RGNT,QUCY,ARMG | HOT_BY_VOLUME(20)·PPBT,SUGP,MWC | TOP_STOCK_BUY_IMBALANCE_ADV_RATIO(8)·HSMV,RND,CPSM | TOP_VOLUME_RATE(20)·TZA,INTC,SOXS | HOT_BY_OPT_VOLUME(20)·PDLB,BBNX,GIF | HALTED(1)·OPTH
[14:03:05] TOP_PERC_GAIN(20)·MWC,RGNT,ARMG | TOP_OPEN_PERC_GAIN(20)·RGNT,QUCY,ARMG | HOT_BY_VOLUME(20)·PPBT,SUGP,MWC | TOP_STOCK_BUY_IMBALANCE_ADV_RATIO(8)·HSMV,RND,CPSM | TOP_VOLUME_RATE(20)·SPDN,NU,INTC | HOT_BY_OPT_VOLUME(20)·PDLB,BBNX,GIF | HALTED(0)
[14:03:35] TOP_PERC_GAIN(20)·MWC,HCWB,RGNT | TOP_OPEN_PERC_GAIN(20)·RGNT,ARMG,QUCY | HOT_BY_VOLUME(20)·PPBT,SUGP,MWC | TOP_STOCK_BUY_IMBALANCE_ADV_RATIO(8)·HSMV,RND,CPSM | TOP_VOLUME_RATE(20)·NU,SPDN,INTC | HOT_BY_OPT_VOLUME(20)·PDLB,BBNX,GIF | HALTED(0)
[14:04:05] TOP_PERC_GAIN(20)·MWC,HCWB,RGNT | TOP_OPEN_PERC_GAIN(20)·HCWB,RGNT,ARMG | HOT_BY_VOLUME(20)·PPBT,SUGP,MWC | TOP_STOCK_BUY_IMBALANCE_ADV_RATIO(8)·HSMV,RND,CPSM | TOP_VOLUME_RATE(20)·HCWB,NU,SPDN | HOT_BY_OPT_VOLUME(20)·PDLB,BBNX,GIF | HALTED(0)
[14:04:35] TOP_PERC_GAIN(20)·MWC,HCWB,RGNT | TOP_OPEN_PERC_GAIN(20)·HCWB,RGNT,ARMG | HOT_BY_VOLUME(20)·PPBT,SUGP,MWC | TOP_STOCK_BUY_IMBALANCE_ADV_RATIO(8)·HSMV,RND,CPSM | TOP_VOLUME_RATE(20)·INTC,TE,HCWB | HOT_BY_OPT_VOLUME(20)·PDLB,BBNX,GIF | HALTED(0)
[14:05:05] TOP_PERC_GAIN(20)·MWC,HCWB,RGNT | TOP_OPEN_PERC_GAIN(20)·HCWB,RGNT,QUCY | HOT_BY_VOLUME(20)·PPBT,SUGP,MWC | TOP_STOCK_BUY_IMBALANCE_ADV_RATIO(8)·HSMV,RND,CPSM | TOP_VOLUME_RATE(20)·SOXS,SPRE,INTC | HOT_BY_OPT_VOLUME(20)·PDLB,BBNX,GIF | HALTED(1)·OPTH
[14:05:36] TOP_PERC_GAIN(20)·MWC,HCWB,RGNT | TOP_OPEN_PERC_GAIN(20)·HCWB,RGNT,ARMG | HOT_BY_VOLUME(20)·PPBT,SUGP,MWC | TOP_STOCK_BUY_IMBALANCE_ADV_RATIO(8)·HSMV,RND,CPSM | TOP_VOLUME_RATE(20)·MARA,HCWB,INTC | HOT_BY_OPT_VOLUME(20)·PDLB,BBNX,GIF | HALTED(1)·OPTH
[14:06:06] TOP_PERC_GAIN(20)·MWC,HCWB,RGNT | TOP_OPEN_PERC_GAIN(20)·HCWB,RGNT,ARMG | HOT_BY_VOLUME(20)·PPBT,SUGP,MWC | TOP_STOCK_BUY_IMBALANCE_ADV_RATIO(8)·HSMV,RND,CPSM | TOP_VOLUME_RATE(20)·TZA,INTC,SVC | HOT_BY_OPT_VOLUME(20)·PDLB,BBNX,GIF | HALTED(1)·OPTH
[14:06:36] TOP_PERC_GAIN(20)·MWC,HCWB,IMVT | TOP_OPEN_PERC_GAIN(20)·HCWB,RGNT,ARMG | HOT_BY_VOLUME(20)·PPBT,SUGP,MWC | TOP_STOCK_BUY_IMBALANCE_ADV_RATIO(8)·HSMV,RND,CPSM | TOP_VOLUME_RATE(20)·HCWB,IYK,TZA | HOT_BY_OPT_VOLUME(20)·PDLB,BBNX,GIF | HALTED(1)·OPTH
[14:07:06] TOP_PERC_GAIN(20)·MWC,HCWB,ARMG | TOP_OPEN_PERC_GAIN(20)·HCWB,RGNT,ARMG | HOT_BY_VOLUME(20)·PPBT,SUGP,MWC | TOP_STOCK_BUY_IMBALANCE_ADV_RATIO(9)·HSMV,RND,CPSM | TOP_VOLUME_RATE(20)·SPDN,HCWB,IYK | HOT_BY_OPT_VOLUME(20)·PDLB,BBNX,GIF | HALTED(2)·MWC,OPTH
[14:07:36] TOP_PERC_GAIN(20)·MWC,HCWB,ARMG | TOP_OPEN_PERC_GAIN(20)·HCWB,ARMG,QUCY | HOT_BY_VOLUME(20)·PPBT,SUGP,MWC | TOP_STOCK_BUY_IMBALANCE_ADV_RATIO(8)·HSMV,RND,CPSM | TOP_VOLUME_RATE(20)·HCWB,SPDN,NIO | HOT_BY_OPT_VOLUME(20)·GIF,PDLB,BBNX | HALTED(2)·MWC,OPTH
[14:08:06] TOP_PERC_GAIN(20)·MWC,HCWB,ARMG | TOP_OPEN_PERC_GAIN(20)·HCWB,ARMG,QUCY | HOT_BY_VOLUME(20)·PPBT,SUGP,MWC | TOP_STOCK_BUY_IMBALANCE_ADV_RATIO(9)·HSMV,RND,CPSM | TOP_VOLUME_RATE(20)·KURA,TZA,BITO | HOT_BY_OPT_VOLUME(20)·GIF,PDLB,BBNX | HALTED(2)·MWC,OPTH
[14:08:36] TOP_PERC_GAIN(20)·MWC,HCWB,IMVT | TOP_OPEN_PERC_GAIN(20)·HCWB,ARMG,QUCY | HOT_BY_VOLUME(20)·PPBT,SUGP,MWC | TOP_STOCK_BUY_IMBALANCE_ADV_RATIO(8)·HSMV,RND,CPSM | TOP_VOLUME_RATE(20)·BITO,HCWB,TZA | HOT_BY_OPT_VOLUME(20)·GIF,PDLB,BBNX | HALTED(2)·MWC,OPTH
[14:09:06] TOP_PERC_GAIN(20)·MWC,HCWB,IMVT | TOP_OPEN_PERC_GAIN(20)·HCWB,ARMG,QUCY | HOT_BY_VOLUME(20)·PPBT,SUGP,MWC | TOP_STOCK_BUY_IMBALANCE_ADV_RATIO(9)·HSMV,RND,CPSM | TOP_VOLUME_RATE(20)·SOXS,INTC,BITO | HOT_BY_OPT_VOLUME(20)·GIF,PDLB,BBNX | HALTED(2)·MWC,OPTH
[14:09:36] TOP_PERC_GAIN(20)·MWC,HCWB,IMVT | TOP_OPEN_PERC_GAIN(20)·HCWB,ARMG,QUCY | HOT_BY_VOLUME(20)·PPBT,SUGP,MWC | TOP_STOCK_BUY_IMBALANCE_ADV_RATIO(9)·HSMV,RND,CPSM | TOP_VOLUME_RATE(20)·SOXS,BITO,HCWB | HOT_BY_OPT_VOLUME(20)·GIF,PDLB,BBNX | HALTED(2)·MWC,OPTH
[14:10:06] TOP_PERC_GAIN(20)·MWC,HCWB,ARMG | TOP_OPEN_PERC_GAIN(20)·HCWB,ARMG,QUCY | HOT_BY_VOLUME(20)·PPBT,SUGP,MWC | TOP_STOCK_BUY_IMBALANCE_ADV_RATIO(9)·HSMV,RND,CPSM | TOP_VOLUME_RATE(20)·SOXS,HCWB,INTC | HOT_BY_OPT_VOLUME(20)·GIF,PDLB,BBNX | HALTED(1)·MWC
[14:10:36] TOP_PERC_GAIN(20)·MWC,HCWB,ARMG | TOP_OPEN_PERC_GAIN(20)·HCWB,ARMG,QUCY | HOT_BY_VOLUME(20)·PPBT,SUGP,MWC | TOP_STOCK_BUY_IMBALANCE_ADV_RATIO(8)·HSMV,RND,CPSM | TOP_VOLUME_RATE(20)·SOXS,TZA,INTC | HOT_BY_OPT_VOLUME(20)·GIF,PDLB,BBNX | HALTED(1)·MWC
[14:11:06] TOP_PERC_GAIN(20)·MWC,HCWB,ARMG | TOP_OPEN_PERC_GAIN(20)·HCWB,ARMG,QUCY | HOT_BY_VOLUME(20)·PPBT,SUGP,MWC | TOP_STOCK_BUY_IMBALANCE_ADV_RATIO(8)·HSMV,RND,CPSM | TOP_VOLUME_RATE(20)·SOXS,TZA,INTC | HOT_BY_OPT_VOLUME(20)·GIF,PDLB,BBNX | HALTED(1)·MWC
[14:11:36] TOP_PERC_GAIN(20)·MWC,HCWB,ARMG | TOP_OPEN_PERC_GAIN(20)·HCWB,ARMG,QUCY | HOT_BY_VOLUME(20)·PPBT,SUGP,MWC | TOP_STOCK_BUY_IMBALANCE_ADV_RATIO(8)·HSMV,RND,CPSM | TOP_VOLUME_RATE(20)·SOXS,TZA,INTC | HOT_BY_OPT_VOLUME(20)·GIF,PDLB,BBNX | HALTED(1)·MWC
[14:12:06] TOP_PERC_GAIN(20)·MWC,HCWB,WNW | TOP_OPEN_PERC_GAIN(20)·HCWB,ARMG,QUCY | HOT_BY_VOLUME(20)·PPBT,SUGP,MWC | TOP_STOCK_BUY_IMBALANCE_ADV_RATIO(8)·HSMV,RND,CPSM | TOP_VOLUME_RATE(20)·TZA,PFF,SOXS | HOT_BY_OPT_VOLUME(20)·GIF,PDLB,BBNX | HALTED(0)
[14:12:36] TOP_PERC_GAIN(20)·MWC,HCWB,WNW | TOP_OPEN_PERC_GAIN(20)·HCWB,ARMG,QUCY | HOT_BY_VOLUME(20)·PPBT,SUGP,MWC | TOP_STOCK_BUY_IMBALANCE_ADV_RATIO(8)·HSMV,RND,CPSM | TOP_VOLUME_RATE(20)·HCWB,TZA,INTC | HOT_BY_OPT_VOLUME(20)·GIF,PDLB,BBNX | HALTED(0)
[14:13:06] TOP_PERC_GAIN(20)·HCWB,MWC,WNW | TOP_OPEN_PERC_GAIN(20)·HCWB,AKAN,ARMG | HOT_BY_VOLUME(20)·PPBT,SUGP,MWC | TOP_STOCK_BUY_IMBALANCE_ADV_RATIO(8)·HSMV,RND,CPSM | TOP_VOLUME_RATE(20)·HCWB,INTC,TZA | HOT_BY_OPT_VOLUME(20)·GIF,PDLB,BBNX | HALTED(0)
[14:13:36] TOP_PERC_GAIN(20)·HCWB,MWC,WNW | TOP_OPEN_PERC_GAIN(20)·HCWB,AKAN,ARMG | HOT_BY_VOLUME(20)·PPBT,SUGP,MWC | TOP_STOCK_BUY_IMBALANCE_ADV_RATIO(8)·HSMV,RND,CPSM | TOP_VOLUME_RATE(20)·HCWB,SOXS,BITO | HOT_BY_OPT_VOLUME(20)·GIF,PDLB,BBNX | HALTED(1)·HCWB
[14:14:06] TOP_PERC_GAIN(20)·HCWB,MWC,WNW | TOP_OPEN_PERC_GAIN(20)·HCWB,AKAN,ARMG | HOT_BY_VOLUME(20)·PPBT,SUGP,MWC | TOP_STOCK_BUY_IMBALANCE_ADV_RATIO(9)·HSMV,RND,CPSM | TOP_VOLUME_RATE(20)·HCWB,TZA,SOXS | HOT_BY_OPT_VOLUME(20)·GIF,PDLB,BBNX | HALTED(2)·HCWB,AKAN
[14:14:36] TOP_PERC_GAIN(20)·HCWB,MWC,WNW | TOP_OPEN_PERC_GAIN(20)·HCWB,AKAN,ARMG | HOT_BY_VOLUME(20)·PPBT,SUGP,MWC | TOP_STOCK_BUY_IMBALANCE_ADV_RATIO(10)·HSMV,RND,CPSM | TOP_VOLUME_RATE(20)·SOXS,HCWB,TZA | HOT_BY_OPT_VOLUME(20)·GIF,PDLB,BBNX | HALTED(2)·HCWB,AKAN
[14:15:06] TOP_PERC_GAIN(20)·HCWB,MWC,WNW | TOP_OPEN_PERC_GAIN(20)·HCWB,QUCY,AKAN | HOT_BY_VOLUME(20)·PPBT,SUGP,MWC | TOP_STOCK_BUY_IMBALANCE_ADV_RATIO(10)·HSMV,RND,CPSM | TOP_VOLUME_RATE(20)·SOXS,SPDN,TZA | HOT_BY_OPT_VOLUME(20)·GIF,PDLB,BBNX | HALTED(2)·HCWB,AKAN
[14:15:36] TOP_PERC_GAIN(20)·HCWB,MWC,WNW | TOP_OPEN_PERC_GAIN(20)·HCWB,QUCY,AKAN | HOT_BY_VOLUME(20)·PPBT,SUGP,MWC | TOP_STOCK_BUY_IMBALANCE_ADV_RATIO(10)·HSMV,RND,CPSM | TOP_VOLUME_RATE(20)·SOXS,TZA,BITO | HOT_BY_OPT_VOLUME(20)·GIF,PDLB,BBNX | HALTED(2)·HCWB,AKAN
[14:16:06] TOP_PERC_GAIN(20)·HCWB,MWC,WNW | TOP_OPEN_PERC_GAIN(20)·HCWB,QUCY,AKAN | HOT_BY_VOLUME(20)·PPBT,SUGP,MWC | TOP_STOCK_BUY_IMBALANCE_ADV_RATIO(10)·HSMV,RND,CPSM | TOP_VOLUME_RATE(20)·SOXS,TZA,BITO | HOT_BY_OPT_VOLUME(20)·GIF,PDLB,BBNX | HALTED(2)·HCWB,AKAN
[14:16:36] TOP_PERC_GAIN(20)·HCWB,MWC,WNW | TOP_OPEN_PERC_GAIN(20)·HCWB,QUCY,AKAN | HOT_BY_VOLUME(20)·PPBT,SUGP,MWC | TOP_STOCK_BUY_IMBALANCE_ADV_RATIO(19)·HSMV,RND,CPSM | TOP_VOLUME_RATE(20)·SOXS,SPDN,TE | HOT_BY_OPT_VOLUME(20)·GIF,PDLB,BBNX | HALTED(2)·HCWB,AKAN
[14:17:06] TOP_PERC_GAIN(20)·HCWB,MWC,IMVT | TOP_OPEN_PERC_GAIN(20)·HCWB,QUCY,AKAN | HOT_BY_VOLUME(20)·PPBT,SUGP,MWC | TOP_STOCK_BUY_IMBALANCE_ADV_RATIO(20)·HSMV,RND,CPSM | TOP_VOLUME_RATE(20)·SOXS,SCO,TZA | HOT_BY_OPT_VOLUME(20)·GIF,PDLB,BBNX | HALTED(2)·HCWB,AKAN
[14:17:36] TOP_PERC_GAIN(20)·HCWB,MWC,IMVT | TOP_OPEN_PERC_GAIN(20)·HCWB,QUCY,AKAN | HOT_BY_VOLUME(20)·PPBT,SUGP,MWC | TOP_STOCK_BUY_IMBALANCE_ADV_RATIO(20)·HSMV,RND,CPSM | TOP_VOLUME_RATE(20)·UVIX,SOXS,BMNU | HOT_BY_OPT_VOLUME(20)·GIF,PDLB,BBNX | HALTED(2)·HCWB,AKAN
[14:18:06] TOP_PERC_GAIN(20)·HCWB,MWC,IMVT | TOP_OPEN_PERC_GAIN(20)·HCWB,QUCY,AKAN | HOT_BY_VOLUME(20)·PPBT,SUGP,MWC | TOP_STOCK_BUY_IMBALANCE_ADV_RATIO(20)·HSMV,RND,CPSM | TOP_VOLUME_RATE(20)·SOXS,UVIX,SPDN | HOT_BY_OPT_VOLUME(20)·GIF,PDLB,BBNX | HALTED(2)·HCWB,AKAN
[14:18:36] TOP_PERC_GAIN(20)·HCWB,MWC,IMVT | TOP_OPEN_PERC_GAIN(20)·HCWB,QUCY,AKAN | HOT_BY_VOLUME(20)·PPBT,SUGP,MWC | TOP_STOCK_BUY_IMBALANCE_ADV_RATIO(20)·HSMV,RND,CPSM | TOP_VOLUME_RATE(20)·BMNU,SOXS,BITO | HOT_BY_OPT_VOLUME(20)·GIF,PDLB,BBNX | HALTED(1)·AKAN
[14:19:06] TOP_PERC_GAIN(20)·HCWB,MWC,IMVT | TOP_OPEN_PERC_GAIN(20)·HCWB,QUCY,AKAN | HOT_BY_VOLUME(20)·PPBT,SUGP,MWC | TOP_STOCK_BUY_IMBALANCE_ADV_RATIO(20)·HSMV,RND,CPSM | TOP_VOLUME_RATE(20)·HCWB,BMNU,SOXS | HOT_BY_OPT_VOLUME(20)·GIF,PDLB,BBNX | HALTED(1)·AKAN
[14:19:36] TOP_PERC_GAIN(20)·HCWB,MWC,IMVT | TOP_OPEN_PERC_GAIN(20)·HCWB,QUCY,AKAN | HOT_BY_VOLUME(20)·PPBT,SUGP,MWC | TOP_STOCK_BUY_IMBALANCE_ADV_RATIO(20)·HSMV,RND,CPSM | TOP_VOLUME_RATE(20)·SPDN,HCWB,BMNU | HOT_BY_OPT_VOLUME(20)·GIF,PDLB,BBNX | HALTED(1)·AKAN
[14:20:06] TOP_PERC_GAIN(20)·HCWB,MWC,IMVT | TOP_OPEN_PERC_GAIN(20)·HCWB,QUCY,AKAN | HOT_BY_VOLUME(20)·PPBT,SUGP,MWC | TOP_STOCK_BUY_IMBALANCE_ADV_RATIO(20)·HSMV,RND,CPSM | TOP_VOLUME_RATE(20)·SPDN,HCWB,BMNU | HOT_BY_OPT_VOLUME(20)·GIF,PDLB,BBNX | HALTED(1)·AKAN
[14:20:36] TOP_PERC_GAIN(20)·HCWB,MWC,IMVT | TOP_OPEN_PERC_GAIN(20)·HCWB,QUCY,MLGO | HOT_BY_VOLUME(20)·PPBT,SUGP,MWC | TOP_STOCK_BUY_IMBALANCE_ADV_RATIO(20)·HSMV,RND,CPSM | TOP_VOLUME_RATE(20)·HCWB,SPDN,BMNU | HOT_BY_OPT_VOLUME(20)·GIF,PDLB,BBNX | HALTED(1)·AKAN
[14:21:06] TOP_PERC_GAIN(20)·HCWB,MWC,IMVT | TOP_OPEN_PERC_GAIN(20)·HCWB,QUCY,AKAN | HOT_BY_VOLUME(20)·PPBT,SUGP,MWC | TOP_STOCK_BUY_IMBALANCE_ADV_RATIO(20)·HSMV,RND,CPSM | TOP_VOLUME_RATE(20)·HCWB,BMNU,SOXS | HOT_BY_OPT_VOLUME(20)·GIF,PDLB,BBNX | HALTED(1)·AKAN
[14:21:36] TOP_PERC_GAIN(20)·HCWB,MWC,IMVT | TOP_OPEN_PERC_GAIN(20)·HCWB,QUCY,AKAN | HOT_BY_VOLUME(20)·PPBT,SUGP,MWC | TOP_STOCK_BUY_IMBALANCE_ADV_RATIO(7)·RND,CPSM,MTUL | TOP_VOLUME_RATE(20)·HCWB,SOXS,BMNU | HOT_BY_OPT_VOLUME(20)·GIF,PDLB,BBNX | HALTED(1)·AKAN
[14:22:06] TOP_PERC_GAIN(20)·HCWB,MWC,IMVT | TOP_OPEN_PERC_GAIN(20)·HCWB,QUCY,AKAN | HOT_BY_VOLUME(20)·PPBT,SUGP,MWC | TOP_STOCK_BUY_IMBALANCE_ADV_RATIO(5)·RND,CPSM,UPGD | TOP_VOLUME_RATE(20)·HYG,SOXS,HCWB | HOT_BY_OPT_VOLUME(20)·GIF,PDLB,BBNX | HALTED(1)·AKAN
[14:22:36] TOP_PERC_GAIN(20)·HCWB,MWC,IMVT | TOP_OPEN_PERC_GAIN(20)·HCWB,QUCY,AKAN | HOT_BY_VOLUME(20)·PPBT,SUGP,MWC | TOP_STOCK_BUY_IMBALANCE_ADV_RATIO(5)·RND,CPSM,UPGD | TOP_VOLUME_RATE(20)·HYG,BMNU,SOXS | HOT_BY_OPT_VOLUME(20)·GIF,PDLB,BBNX | HALTED(1)·AKAN
[14:23:06] TOP_PERC_GAIN(20)·HCWB,MWC,IMVT | TOP_OPEN_PERC_GAIN(20)·HCWB,QUCY,ARMG | HOT_BY_VOLUME(20)·PPBT,SUGP,MWC | TOP_STOCK_BUY_IMBALANCE_ADV_RATIO(5)·RND,CPSM,UPGD | TOP_VOLUME_RATE(20)·SOXS,HYG,TZA | HOT_BY_OPT_VOLUME(20)·GIF,PJT,PDLB | HALTED(1)·AKAN
[14:23:36] TOP_PERC_GAIN(20)·HCWB,MWC,IMVT | TOP_OPEN_PERC_GAIN(20)·HCWB,QUCY,ARMG | HOT_BY_VOLUME(20)·PPBT,SUGP,MWC | TOP_STOCK_BUY_IMBALANCE_ADV_RATIO(6)·RND,CPSM,UPGD | TOP_VOLUME_RATE(20)·SOXS,HYG,NVDA | HOT_BY_OPT_VOLUME(20)·GIF,PJT,PDLB | HALTED(1)·AKAN
[14:24:06] TOP_PERC_GAIN(20)·HCWB,MWC,AKAN | TOP_OPEN_PERC_GAIN(20)·HCWB,QUCY,ARMG | HOT_BY_VOLUME(20)·PPBT,SUGP,MWC | TOP_STOCK_BUY_IMBALANCE_ADV_RATIO(5)·RND,CPSM,UPGD | TOP_VOLUME_RATE(20)·HCWB,SOXS,TZA | HOT_BY_OPT_VOLUME(20)·GIF,PJT,PDLB | HALTED(0)
[14:24:37] TOP_PERC_GAIN(20)·HCWB,MWC,AKAN | TOP_OPEN_PERC_GAIN(20)·HCWB,QUCY,AKAN | HOT_BY_VOLUME(20)·PPBT,SUGP,MWC | TOP_STOCK_BUY_IMBALANCE_ADV_RATIO(5)·RND,CPSM,UPGD | TOP_VOLUME_RATE(20)·HCWB,TZA,NOK | HOT_BY_OPT_VOLUME(20)·GIF,PJT,PDLB | HALTED(0)
[14:25:07] TOP_PERC_GAIN(20)·HCWB,MWC,AKAN | TOP_OPEN_PERC_GAIN(20)·HCWB,AKAN,QUCY | HOT_BY_VOLUME(20)·PPBT,SUGP,MWC | TOP_STOCK_BUY_IMBALANCE_ADV_RATIO(5)·RND,CPSM,UPGD | TOP_VOLUME_RATE(20)·TZA,HCWB,SOXS | HOT_BY_OPT_VOLUME(20)·GIF,PJT,PDLB | HALTED(0)
[14:25:37] TOP_PERC_GAIN(20)·HCWB,MWC,AKAN | TOP_OPEN_PERC_GAIN(20)·HCWB,AKAN,QUCY | HOT_BY_VOLUME(20)·PPBT,SUGP,MWC | TOP_STOCK_BUY_IMBALANCE_ADV_RATIO(5)·RND,CPSM,UPGD | TOP_VOLUME_RATE(20)·SPDN,TZA,HCWB | HOT_BY_OPT_VOLUME(20)·GIF,PJT,PDLB | HALTED(0)
[14:26:07] TOP_PERC_GAIN(20)·HCWB,MWC,IMVT | TOP_OPEN_PERC_GAIN(20)·HCWB,QUCY,AKAN | HOT_BY_VOLUME(20)·PPBT,SUGP,MWC | TOP_STOCK_BUY_IMBALANCE_ADV_RATIO(5)·RND,CPSM,UPGD | TOP_VOLUME_RATE(20)·SPDN,SOXS,HCWB | HOT_BY_OPT_VOLUME(20)·GIF,PJT,PDLB | HALTED(0)
[14:26:37] TOP_PERC_GAIN(20)·HCWB,MWC,IMVT | TOP_OPEN_PERC_GAIN(20)·HCWB,QUCY,AKAN | HOT_BY_VOLUME(20)·PPBT,SUGP,MWC | TOP_STOCK_BUY_IMBALANCE_ADV_RATIO(5)·RND,CPSM,UPGD | TOP_VOLUME_RATE(20)·HCWB,CCL,SPDN | HOT_BY_OPT_VOLUME(20)·GIF,PJT,PDLB | HALTED(0)
[14:27:07] TOP_PERC_GAIN(20)·HCWB,MWC,IMVT | TOP_OPEN_PERC_GAIN(20)·HCWB,QUCY,AKAN | HOT_BY_VOLUME(20)·PPBT,SUGP,MWC | TOP_STOCK_BUY_IMBALANCE_ADV_RATIO(6)·RND,CPSM,UPGD | TOP_VOLUME_RATE(20)·SPDN,HCWB,CCL | HOT_BY_OPT_VOLUME(20)·GIF,PJT,PDLB | HALTED(1)·AKAN
[14:27:37] TOP_PERC_GAIN(20)·HCWB,MWC,IMVT | TOP_OPEN_PERC_GAIN(20)·HCWB,QUCY,AKAN | HOT_BY_VOLUME(20)·PPBT,SUGP,MWC | TOP_STOCK_BUY_IMBALANCE_ADV_RATIO(6)·RND,CPSM,UPGD | TOP_VOLUME_RATE(20)·SPDN,HCWB,CCL | HOT_BY_OPT_VOLUME(20)·GIF,PJT,PDLB | HALTED(1)·AKAN
[14:28:07] TOP_PERC_GAIN(20)·HCWB,MWC,IMVT | TOP_OPEN_PERC_GAIN(20)·HCWB,QUCY,MLGO | HOT_BY_VOLUME(20)·PPBT,SUGP,MWC | TOP_STOCK_BUY_IMBALANCE_ADV_RATIO(6)·RND,CPSM,UPGD | TOP_VOLUME_RATE(20)·HCWB,TZA,BMNU | HOT_BY_OPT_VOLUME(20)·GIF,PJT,PDLB | HALTED(1)·AKAN
[14:28:37] TOP_PERC_GAIN(20)·HCWB,MWC,IMVT | TOP_OPEN_PERC_GAIN(20)·HCWB,QUCY,MLGO | HOT_BY_VOLUME(20)·PPBT,SUGP,MWC | TOP_STOCK_BUY_IMBALANCE_ADV_RATIO(5)·RND,CPSM,UPGD | TOP_VOLUME_RATE(20)·BMNU,HCWB,BAC | HOT_BY_OPT_VOLUME(20)·GIF,PJT,PDLB | HALTED(1)·AKAN
[14:29:07] TOP_PERC_GAIN(20)·HCWB,MWC,IMVT | TOP_OPEN_PERC_GAIN(20)·HCWB,QUCY,MLGO | HOT_BY_VOLUME(20)·PPBT,SUGP,MWC | TOP_STOCK_BUY_IMBALANCE_ADV_RATIO(6)·RND,CPSM,UPGD | TOP_VOLUME_RATE(20)·HCWB,BMNU,TZA | HOT_BY_OPT_VOLUME(20)·GIF,PJT,PDLB | HALTED(1)·AKAN
[14:29:37] TOP_PERC_GAIN(20)·HCWB,MWC,IMVT | TOP_OPEN_PERC_GAIN(20)·HCWB,QUCY,MLGO | HOT_BY_VOLUME(20)·PPBT,SUGP,MWC | TOP_STOCK_BUY_IMBALANCE_ADV_RATIO(6)·RND,CPSM,UPGD | TOP_VOLUME_RATE(20)·HCWB,BMNU,SOXS | HOT_BY_OPT_VOLUME(20)·GIF,PJT,PDLB | HALTED(1)·AKAN
[14:30:07] TOP_PERC_GAIN(20)·HCWB,MWC,IMVT | TOP_OPEN_PERC_GAIN(20)·HCWB,QUCY,MLGO | HOT_BY_VOLUME(20)·PPBT,SUGP,MWC | TOP_STOCK_BUY_IMBALANCE_ADV_RATIO(6)·RND,CPSM,UPGD | TOP_VOLUME_RATE(20)·SOXS,HCWB,BAC | HOT_BY_OPT_VOLUME(20)·GIF,PJT,PDLB | HALTED(1)·AKAN
[14:30:37] TOP_PERC_GAIN(20)·HCWB,MWC,IMVT | TOP_OPEN_PERC_GAIN(20)·HCWB,QUCY,MLGO | HOT_BY_VOLUME(20)·PPBT,SUGP,MWC | TOP_STOCK_BUY_IMBALANCE_ADV_RATIO(5)·RND,CPSM,UPGD | TOP_VOLUME_RATE(20)·BITO,SOXS,HCWB | HOT_BY_OPT_VOLUME(20)·GIF,PJT,PDLB | HALTED(1)·AKAN
[14:31:07] TOP_PERC_GAIN(20)·HCWB,MWC,IMVT | TOP_OPEN_PERC_GAIN(20)·HCWB,QUCY,ARMG | HOT_BY_VOLUME(20)·PPBT,SUGP,MWC | TOP_STOCK_BUY_IMBALANCE_ADV_RATIO(6)·RND,CPSM,UPGD | TOP_VOLUME_RATE(20)·SOXS,HCWB,TQQQ | HOT_BY_OPT_VOLUME(20)·GIF,PJT,PDLB | HALTED(1)·AKAN
[14:31:37] TOP_PERC_GAIN(20)·HCWB,MWC,IMVT | TOP_OPEN_PERC_GAIN(20)·HCWB,QUCY,ARMG | HOT_BY_VOLUME(20)·PPBT,SUGP,MWC | TOP_STOCK_BUY_IMBALANCE_ADV_RATIO(6)·RND,CPSM,UPGD | TOP_VOLUME_RATE(20)·SOXS,HCWB,ESPR | HOT_BY_OPT_VOLUME(20)·GIF,PJT,PDLB | HALTED(1)·AKAN
[14:32:07] TOP_PERC_GAIN(20)·HCWB,MWC,IMVT | TOP_OPEN_PERC_GAIN(20)·HCWB,QUCY,ARMG | HOT_BY_VOLUME(20)·PPBT,SUGP,MWC | TOP_STOCK_BUY_IMBALANCE_ADV_RATIO(5)·RND,CPSM,UPGD | TOP_VOLUME_RATE(20)·SOXS,BMNU,HCWB | HOT_BY_OPT_VOLUME(20)·GIF,PJT,PDLB | HALTED(1)·AKAN
[14:32:37] TOP_PERC_GAIN(20)·HCWB,MWC,ARMG | TOP_OPEN_PERC_GAIN(20)·HCWB,QUCY,ARMG | HOT_BY_VOLUME(20)·PPBT,SUGP,MWC | TOP_STOCK_BUY_IMBALANCE_ADV_RATIO(5)·RND,CPSM,UPGD | TOP_VOLUME_RATE(20)·SCO,SOXS,BMNU | HOT_BY_OPT_VOLUME(20)·GIF,PJT,PDLB | HALTED(0)
[14:33:07] TOP_PERC_GAIN(20)·HCWB,MWC,ARMG | TOP_OPEN_PERC_GAIN(20)·HCWB,QUCY,ARMG | HOT_BY_VOLUME(20)·PPBT,SUGP,MWC | TOP_STOCK_BUY_IMBALANCE_ADV_RATIO(5)·RND,CPSM,UPGD | TOP_VOLUME_RATE(20)·BITO,SOXS,SCO | HOT_BY_OPT_VOLUME(20)·GIF,PJT,PDLB | HALTED(0)
[14:33:37] TOP_PERC_GAIN(20)·HCWB,MWC,IMVT | TOP_OPEN_PERC_GAIN(20)·HCWB,QUCY,ARMG | HOT_BY_VOLUME(20)·PPBT,SUGP,MWC | TOP_STOCK_BUY_IMBALANCE_ADV_RATIO(5)·RND,CPSM,UPGD | TOP_VOLUME_RATE(20)·BB,HCWB,NOK | HOT_BY_OPT_VOLUME(20)·GIF,PJT,PDLB | HALTED(0)
[14:34:07] TOP_PERC_GAIN(20)·HCWB,MWC,IMVT | TOP_OPEN_PERC_GAIN(20)·HCWB,QUCY,ARMG | HOT_BY_VOLUME(20)·PPBT,SUGP,MWC | TOP_STOCK_BUY_IMBALANCE_ADV_RATIO(5)·RND,CPSM,UPGD | TOP_VOLUME_RATE(20)·BB,TZA,HCWB | HOT_BY_OPT_VOLUME(20)·GIF,PJT,PDLB | HALTED(0)
[14:34:37] TOP_PERC_GAIN(20)·HCWB,MWC,IMVT | TOP_OPEN_PERC_GAIN(20)·HCWB,QUCY,ARMG | HOT_BY_VOLUME(20)·PPBT,SUGP,MWC | TOP_STOCK_BUY_IMBALANCE_ADV_RATIO(5)·RND,CPSM,UPGD | TOP_VOLUME_RATE(20)·HCWB,BB,BMNU | HOT_BY_OPT_VOLUME(20)·GIF,PJT,PDLB | HALTED(0)
[14:35:07] TOP_PERC_GAIN(20)·HCWB,MWC,IMVT | TOP_OPEN_PERC_GAIN(20)·HCWB,QUCY,ARMG | HOT_BY_VOLUME(20)·PPBT,SUGP,MWC | TOP_STOCK_BUY_IMBALANCE_ADV_RATIO(5)·RND,CPSM,UPGD | TOP_VOLUME_RATE(20)·HCWB,TZA,BB | HOT_BY_OPT_VOLUME(20)·GIF,PJT,PDLB | HALTED(0)
[14:35:37] TOP_PERC_GAIN(20)·HCWB,MWC,IMVT | TOP_OPEN_PERC_GAIN(20)·HCWB,QUCY,ARMG | HOT_BY_VOLUME(20)·PPBT,SUGP,MWC | TOP_STOCK_BUY_IMBALANCE_ADV_RATIO(5)·RND,CPSM,UPGD | TOP_VOLUME_RATE(20)·HCWB,TZA,BB | HOT_BY_OPT_VOLUME(20)·GIF,PJT,PDLB | HALTED(0)
[14:36:07] TOP_PERC_GAIN(20)·HCWB,MWC,IMVT | TOP_OPEN_PERC_GAIN(20)·HCWB,QUCY,ARMG | HOT_BY_VOLUME(20)·PPBT,SUGP,MWC | TOP_STOCK_BUY_IMBALANCE_ADV_RATIO(5)·RND,CPSM,UPGD | TOP_VOLUME_RATE(20)·TZA,SPDN,BITO | HOT_BY_OPT_VOLUME(20)·GIF,PJT,PDLB | HALTED(0)
[14:36:37] TOP_PERC_GAIN(20)·HCWB,MWC,IMVT | TOP_OPEN_PERC_GAIN(20)·HCWB,QUCY,ARMG | HOT_BY_VOLUME(20)·PPBT,SUGP,MWC | TOP_STOCK_BUY_IMBALANCE_ADV_RATIO(5)·RND,CPSM,UPGD | TOP_VOLUME_RATE(20)·TZA,SPDN,BITO | HOT_BY_OPT_VOLUME(20)·GIF,PJT,PDLB | HALTED(0)
[14:37:07] TOP_PERC_GAIN(20)·HCWB,MWC,IMVT | TOP_OPEN_PERC_GAIN(20)·HCWB,QUCY,ARMG | HOT_BY_VOLUME(20)·PPBT,SUGP,MWC | TOP_STOCK_BUY_IMBALANCE_ADV_RATIO(5)·RND,CPSM,UPGD | TOP_VOLUME_RATE(20)·TZA,BITO,SPDN | HOT_BY_OPT_VOLUME(20)·GIF,PJT,PDLB | HALTED(0)
[14:37:37] TOP_PERC_GAIN(20)·HCWB,MWC,IMVT | TOP_OPEN_PERC_GAIN(20)·HCWB,QUCY,ARMG | HOT_BY_VOLUME(20)·PPBT,SUGP,MWC | TOP_STOCK_BUY_IMBALANCE_ADV_RATIO(5)·RND,CPSM,UPGD | TOP_VOLUME_RATE(20)·HCWB,TZA,BITO | HOT_BY_OPT_VOLUME(20)·GIF,PJT,PDLB | HALTED(0)
[14:38:07] TOP_PERC_GAIN(20)·HCWB,MWC,IMVT | TOP_OPEN_PERC_GAIN(20)·HCWB,QUCY,ARMG | HOT_BY_VOLUME(20)·PPBT,SUGP,MWC | TOP_STOCK_BUY_IMBALANCE_ADV_RATIO(5)·RND,CPSM,UPGD | TOP_VOLUME_RATE(20)·SCHO,HCWB,TZA | HOT_BY_OPT_VOLUME(20)·GIF,PJT,PDLB | HALTED(0)
[14:38:37] TOP_PERC_GAIN(20)·HCWB,MWC,IMVT | TOP_OPEN_PERC_GAIN(20)·HCWB,QUCY,ARMG | HOT_BY_VOLUME(20)·PPBT,SUGP,MWC | TOP_STOCK_BUY_IMBALANCE_ADV_RATIO(5)·RND,CPSM,UPGD | TOP_VOLUME_RATE(20)·BITO,HCWB,SCHO | HOT_BY_OPT_VOLUME(20)·GIF,PJT,PDLB | HALTED(0)
[14:39:07] TOP_PERC_GAIN(20)·HCWB,MWC,IMVT | TOP_OPEN_PERC_GAIN(20)·HCWB,QUCY,ARMG | HOT_BY_VOLUME(20)·PPBT,SUGP,MWC | TOP_STOCK_BUY_IMBALANCE_ADV_RATIO(5)·RND,CPSM,UPGD | TOP_VOLUME_RATE(20)·HCWB,BITO,TZA | HOT_BY_OPT_VOLUME(20)·GIF,PJT,PDLB | HALTED(0)
[14:39:37] TOP_PERC_GAIN(20)·HCWB,MWC,IMVT | TOP_OPEN_PERC_GAIN(20)·HCWB,QUCY,ARMG | HOT_BY_VOLUME(20)·PPBT,SUGP,MWC | TOP_STOCK_BUY_IMBALANCE_ADV_RATIO(5)·RND,CPSM,UPGD | TOP_VOLUME_RATE(20)·HCWB,TZA,BITO | HOT_BY_OPT_VOLUME(20)·GIF,PJT,PDLB | HALTED(0)
[14:40:07] TOP_PERC_GAIN(20)·HCWB,MWC,IMVT | TOP_OPEN_PERC_GAIN(20)·HCWB,QUCY,ARMG | HOT_BY_VOLUME(20)·PPBT,SUGP,MWC | TOP_STOCK_BUY_IMBALANCE_ADV_RATIO(5)·RND,CPSM,UPGD | TOP_VOLUME_RATE(20)·HCWB,TZA,BITO | HOT_BY_OPT_VOLUME(20)·GIF,PJT,PDLB | HALTED(0)
[14:40:37] TOP_PERC_GAIN(20)·HCWB,MWC,IMVT | TOP_OPEN_PERC_GAIN(20)·HCWB,QUCY,ARMG | HOT_BY_VOLUME(20)·PPBT,SUGP,MWC | TOP_STOCK_BUY_IMBALANCE_ADV_RATIO(5)·RND,CPSM,UPGD | TOP_VOLUME_RATE(20)·HCWB,TZA,BITO | HOT_BY_OPT_VOLUME(20)·GIF,PJT,PDLB | HALTED(0)
[14:41:07] TOP_PERC_GAIN(20)·HCWB,MWC,ARMG | TOP_OPEN_PERC_GAIN(20)·HCWB,QUCY,ARMG | HOT_BY_VOLUME(20)·PPBT,SUGP,MWC | TOP_STOCK_BUY_IMBALANCE_ADV_RATIO(5)·RND,CPSM,UPGD | TOP_VOLUME_RATE(20)·HCWB,TZA,BITO | HOT_BY_OPT_VOLUME(20)·GIF,PJT,PDLB | HALTED(0)
[14:41:37] TOP_PERC_GAIN(20)·HCWB,MWC,IMVT | TOP_OPEN_PERC_GAIN(20)·HCWB,QUCY,ARMG | HOT_BY_VOLUME(20)·PPBT,SUGP,MWC | TOP_STOCK_BUY_IMBALANCE_ADV_RATIO(5)·RND,CPSM,UPGD | TOP_VOLUME_RATE(20)·HCWB,TZA,MRVI | HOT_BY_OPT_VOLUME(20)·GIF,PJT,PDLB | HALTED(0)
[14:42:07] TOP_PERC_GAIN(20)·HCWB,MWC,IMVT | TOP_OPEN_PERC_GAIN(20)·HCWB,QUCY,ARMG | HOT_BY_VOLUME(20)·PPBT,SUGP,MWC | TOP_STOCK_BUY_IMBALANCE_ADV_RATIO(5)·RND,CPSM,UPGD | TOP_VOLUME_RATE(20)·HCWB,KWEB,TZA | HOT_BY_OPT_VOLUME(20)·GIF,PJT,PDLB | HALTED(0)
[14:42:37] TOP_PERC_GAIN(20)·HCWB,MWC,IMVT | TOP_OPEN_PERC_GAIN(20)·HCWB,QUCY,ARMG | HOT_BY_VOLUME(20)·PPBT,SUGP,MWC | TOP_STOCK_BUY_IMBALANCE_ADV_RATIO(5)·RND,CPSM,UPGD | TOP_VOLUME_RATE(20)·HCWB,BBAI,TZA | HOT_BY_OPT_VOLUME(20)·GIF,PJT,PDLB | HALTED(0)
[14:43:07] TOP_PERC_GAIN(20)·HCWB,MWC,IMVT | TOP_OPEN_PERC_GAIN(20)·HCWB,QUCY,ARMG | HOT_BY_VOLUME(20)·PPBT,SUGP,MWC | TOP_STOCK_BUY_IMBALANCE_ADV_RATIO(5)·RND,CPSM,UPGD | TOP_VOLUME_RATE(20)·HCWB,TZA,BBAI | HOT_BY_OPT_VOLUME(20)·GIF,PJT,PDLB | HALTED(0)
[14:43:37] TOP_PERC_GAIN(20)·HCWB,MWC,IMVT | TOP_OPEN_PERC_GAIN(20)·HCWB,QUCY,ARMG | HOT_BY_VOLUME(20)·PPBT,SUGP,MWC | TOP_STOCK_BUY_IMBALANCE_ADV_RATIO(5)·RND,CPSM,UPGD | TOP_VOLUME_RATE(20)·BITO,HCWB,TZA | HOT_BY_OPT_VOLUME(20)·GIF,PJT,PDLB | HALTED(0)
[14:44:07] TOP_PERC_GAIN(20)·HCWB,MWC,MTVA | TOP_OPEN_PERC_GAIN(20)·HCWB,QUCY,ARMG | HOT_BY_VOLUME(20)·PPBT,SUGP,MWC | TOP_STOCK_BUY_IMBALANCE_ADV_RATIO(5)·RND,CPSM,UPGD | TOP_VOLUME_RATE(20)·HCWB,BITO,FXI | HOT_BY_OPT_VOLUME(20)·GIF,PJT,PDLB | HALTED(0)
[14:44:37] TOP_PERC_GAIN(20)·HCWB,MWC,MTVA | TOP_OPEN_PERC_GAIN(20)·HCWB,QUCY,ARMG | HOT_BY_VOLUME(20)·PPBT,SUGP,MWC | TOP_STOCK_BUY_IMBALANCE_ADV_RATIO(5)·RND,CPSM,UPGD | TOP_VOLUME_RATE(20)·HCWB,BITO,FXI | HOT_BY_OPT_VOLUME(20)·GIF,PJT,PDLB | HALTED(0)
[14:45:07] TOP_PERC_GAIN(20)·HCWB,MWC,MTVA | TOP_OPEN_PERC_GAIN(20)·HCWB,QUCY,ARMG | HOT_BY_VOLUME(20)·PPBT,SUGP,MWC | TOP_STOCK_BUY_IMBALANCE_ADV_RATIO(5)·RND,CPSM,UPGD | TOP_VOLUME_RATE(20)·HCWB,TZA,BAC | HOT_BY_OPT_VOLUME(20)·GIF,PJT,PDLB | HALTED(0)
[14:45:37] TOP_PERC_GAIN(20)·HCWB,MWC,MTVA | TOP_OPEN_PERC_GAIN(20)·HCWB,QUCY,MTVA | HOT_BY_VOLUME(20)·PPBT,SUGP,MWC | TOP_STOCK_BUY_IMBALANCE_ADV_RATIO(5)·RND,CPSM,UPGD | TOP_VOLUME_RATE(20)·HCWB,TZA,BMNU | HOT_BY_OPT_VOLUME(20)·GIF,PJT,PDLB | HALTED(0)
[14:46:07] TOP_PERC_GAIN(20)·HCWB,MWC,MTVA | TOP_OPEN_PERC_GAIN(20)·HCWB,QUCY,MTVA | HOT_BY_VOLUME(20)·PPBT,SUGP,MWC | TOP_STOCK_BUY_IMBALANCE_ADV_RATIO(5)·RND,CPSM,UPGD | TOP_VOLUME_RATE(20)·BMNU,HCWB,MTVA | HOT_BY_OPT_VOLUME(20)·GIF,PJT,PDLB | HALTED(0)
[14:46:37] TOP_PERC_GAIN(20)·HCWB,MWC,MTVA | TOP_OPEN_PERC_GAIN(20)·HCWB,QUCY,MTVA | HOT_BY_VOLUME(20)·PPBT,SUGP,MWC | TOP_STOCK_BUY_IMBALANCE_ADV_RATIO(5)·RND,CPSM,UPGD | TOP_VOLUME_RATE(20)·AMBP,TZA,HCWB | HOT_BY_OPT_VOLUME(20)·GIF,PJT,PDLB | HALTED(0)
[14:47:07] TOP_PERC_GAIN(20)·HCWB,MWC,MTVA | TOP_OPEN_PERC_GAIN(20)·HCWB,QUCY,MTVA | HOT_BY_VOLUME(20)·PPBT,SUGP,MWC | TOP_STOCK_BUY_IMBALANCE_ADV_RATIO(5)·RND,CPSM,UPGD | TOP_VOLUME_RATE(20)·SPDN,HCWB,AMBP | HOT_BY_OPT_VOLUME(20)·GIF,PJT,PDLB | HALTED(0)
[14:47:37] TOP_PERC_GAIN(20)·HCWB,MWC,MTVA | TOP_OPEN_PERC_GAIN(20)·HCWB,QUCY,MTVA | HOT_BY_VOLUME(20)·PPBT,SUGP,MWC | TOP_STOCK_BUY_IMBALANCE_ADV_RATIO(5)·RND,CPSM,UPGD | TOP_VOLUME_RATE(20)·SPDN,HCWB,AMBP | HOT_BY_OPT_VOLUME(20)·GIF,PJT,PDLB | HALTED(0)
[14:48:07] TOP_PERC_GAIN(20)·HCWB,MWC,MTVA | TOP_OPEN_PERC_GAIN(20)·HCWB,QUCY,MTVA | HOT_BY_VOLUME(20)·PPBT,SUGP,MWC | TOP_STOCK_BUY_IMBALANCE_ADV_RATIO(5)·RND,CPSM,UPGD | TOP_VOLUME_RATE(20)·SPDN,HCWB,AMBP | HOT_BY_OPT_VOLUME(20)·GIF,PJT,PDLB | HALTED(0)
[14:48:38] TOP_PERC_GAIN(20)·HCWB,MWC,MTVA | TOP_OPEN_PERC_GAIN(20)·HCWB,QUCY,MTVA | HOT_BY_VOLUME(20)·PPBT,SUGP,MWC | TOP_STOCK_BUY_IMBALANCE_ADV_RATIO(5)·RND,CPSM,UPGD | TOP_VOLUME_RATE(20)·SOXS,HCWB,MTVA | HOT_BY_OPT_VOLUME(20)·GIF,PJT,PDLB | HALTED(0)
[14:49:08] TOP_PERC_GAIN(20)·HCWB,MWC,MTVA | TOP_OPEN_PERC_GAIN(20)·HCWB,QUCY,MTVA | HOT_BY_VOLUME(20)·PPBT,SUGP,MWC | TOP_STOCK_BUY_IMBALANCE_ADV_RATIO(5)·RND,CPSM,UPGD | TOP_VOLUME_RATE(20)·SOXS,HCWB,MTVA | HOT_BY_OPT_VOLUME(20)·GIF,PJT,PDLB | HALTED(0)
[14:49:38] TOP_PERC_GAIN(20)·HCWB,MWC,MTVA | TOP_OPEN_PERC_GAIN(20)·HCWB,QUCY,MTVA | HOT_BY_VOLUME(20)·PPBT,SUGP,MWC | TOP_STOCK_BUY_IMBALANCE_ADV_RATIO(6)·RND,CPSM,UPGD | TOP_VOLUME_RATE(20)·HCWB,TZA,SPDN | HOT_BY_OPT_VOLUME(20)·GIF,PJT,PDLB | HALTED(1)·HCWB
[14:50:08] TOP_PERC_GAIN(20)·HCWB,MWC,MTVA | TOP_OPEN_PERC_GAIN(20)·HCWB,QUCY,MTVA | HOT_BY_VOLUME(20)·PPBT,SUGP,MWC | TOP_STOCK_BUY_IMBALANCE_ADV_RATIO(6)·RND,CPSM,UPGD | TOP_VOLUME_RATE(20)·SPDN,MTVA,HCWB | HOT_BY_OPT_VOLUME(20)·GIF,PJT,PDLB | HALTED(1)·HCWB
[14:50:38] TOP_PERC_GAIN(20)·HCWB,MWC,MTVA | TOP_OPEN_PERC_GAIN(20)·HCWB,QUCY,MTVA | HOT_BY_VOLUME(20)·PPBT,SUGP,MWC | TOP_STOCK_BUY_IMBALANCE_ADV_RATIO(5)·RND,CPSM,UPGD | TOP_VOLUME_RATE(20)·SPDN,TZA,MTVA | HOT_BY_OPT_VOLUME(20)·GIF,PJT,PDLB | HALTED(1)·HCWB
[14:51:08] TOP_PERC_GAIN(20)·HCWB,MWC,MTVA | TOP_OPEN_PERC_GAIN(20)·HCWB,QUCY,MTVA | HOT_BY_VOLUME(20)·PPBT,SUGP,MWC | TOP_STOCK_BUY_IMBALANCE_ADV_RATIO(6)·RND,CPSM,UPGD | TOP_VOLUME_RATE(20)·SPDN,TZA,MTVA | HOT_BY_OPT_VOLUME(20)·GIF,PJT,PDLB | HALTED(1)·HCWB
[14:51:38] TOP_PERC_GAIN(20)·HCWB,MWC,MTVA | TOP_OPEN_PERC_GAIN(20)·HCWB,QUCY,MTVA | HOT_BY_VOLUME(20)·PPBT,SUGP,MWC | TOP_STOCK_BUY_IMBALANCE_ADV_RATIO(6)·RND,CPSM,UPGD | TOP_VOLUME_RATE(20)·TZA,SPDN,NOK | HOT_BY_OPT_VOLUME(20)·GIF,PJT,PDLB | HALTED(1)·HCWB
[14:52:08] TOP_PERC_GAIN(20)·HCWB,MWC,MTVA | TOP_OPEN_PERC_GAIN(20)·HCWB,MTVA,QUCY | HOT_BY_VOLUME(20)·PPBT,SUGP,MWC | TOP_STOCK_BUY_IMBALANCE_ADV_RATIO(6)·RND,CPSM,UPGD | TOP_VOLUME_RATE(20)·TZA,SPDN,BMNU | HOT_BY_OPT_VOLUME(20)·GIF,PJT,PDLB | HALTED(1)·HCWB
[14:52:38] TOP_PERC_GAIN(20)·HCWB,MWC,MTVA | TOP_OPEN_PERC_GAIN(20)·HCWB,MTVA,QUCY | HOT_BY_VOLUME(20)·PPBT,SUGP,MWC | TOP_STOCK_BUY_IMBALANCE_ADV_RATIO(6)·RND,CPSM,UPGD | TOP_VOLUME_RATE(20)·AVTR,SPDN,TZA | HOT_BY_OPT_VOLUME(20)·GIF,PJT,PDLB | HALTED(1)·HCWB
[14:53:08] TOP_PERC_GAIN(20)·HCWB,MWC,MTVA | TOP_OPEN_PERC_GAIN(20)·HCWB,MTVA,QUCY | HOT_BY_VOLUME(20)·PPBT,SUGP,MWC | TOP_STOCK_BUY_IMBALANCE_ADV_RATIO(5)·RND,CPSM,UPGD | TOP_VOLUME_RATE(20)·AVTR,SPDN,TZA | HOT_BY_OPT_VOLUME(20)·GIF,PJT,PDLB | HALTED(1)·HCWB
[14:53:38] TOP_PERC_GAIN(20)·HCWB,MWC,MTVA | TOP_OPEN_PERC_GAIN(20)·HCWB,MTVA,QUCY | HOT_BY_VOLUME(20)·PPBT,SUGP,MWC | TOP_STOCK_BUY_IMBALANCE_ADV_RATIO(6)·RND,CPSM,UPGD | TOP_VOLUME_RATE(20)·AVTR,SPDN,TZA | HOT_BY_OPT_VOLUME(20)·GIF,PJT,PDLB | HALTED(1)·HCWB
[14:54:08] TOP_PERC_GAIN(20)·HCWB,MWC,MTVA | TOP_OPEN_PERC_GAIN(20)·HCWB,MTVA,QUCY | HOT_BY_VOLUME(20)·PPBT,SUGP,MWC | TOP_STOCK_BUY_IMBALANCE_ADV_RATIO(5)·RND,CPSM,UPGD | TOP_VOLUME_RATE(20)·AVTR,TZA,MTVA | HOT_BY_OPT_VOLUME(20)·GIF,PJT,PDLB | HALTED(1)·HCWB
[14:54:38] TOP_PERC_GAIN(20)·HCWB,MWC,MTVA | TOP_OPEN_PERC_GAIN(20)·HCWB,MTVA,QUCY | HOT_BY_VOLUME(20)·PPBT,SUGP,MWC | TOP_STOCK_BUY_IMBALANCE_ADV_RATIO(5)·RND,CPSM,UPGD | TOP_VOLUME_RATE(20)·AVTR,TZA,MTVA | HOT_BY_OPT_VOLUME(20)·GIF,PJT,PDLB | HALTED(0)
[14:55:08] TOP_PERC_GAIN(20)·HCWB,MWC,MTVA | TOP_OPEN_PERC_GAIN(20)·HCWB,MTVA,QUCY | HOT_BY_VOLUME(20)·PPBT,SUGP,MWC | TOP_STOCK_BUY_IMBALANCE_ADV_RATIO(5)·RND,CPSM,UPGD | TOP_VOLUME_RATE(20)·AVTR,ET,IEF | HOT_BY_OPT_VOLUME(20)·GIF,PJT,PDLB | HALTED(0)
[14:55:38] TOP_PERC_GAIN(20)·HCWB,MWC,MTVA | TOP_OPEN_PERC_GAIN(20)·HCWB,QUCY,MTVA | HOT_BY_VOLUME(20)·PPBT,SUGP,MWC | TOP_STOCK_BUY_IMBALANCE_ADV_RATIO(5)·RND,CPSM,UPGD | TOP_VOLUME_RATE(20)·HCWB,BB,ITUB | HOT_BY_OPT_VOLUME(20)·GIF,PJT,PDLB | HALTED(0)
[14:56:08] TOP_PERC_GAIN(20)·HCWB,MWC,MTVA | TOP_OPEN_PERC_GAIN(20)·HCWB,QUCY,MTVA | HOT_BY_VOLUME(20)·PPBT,SUGP,MWC | TOP_STOCK_BUY_IMBALANCE_ADV_RATIO(5)·RND,CPSM,UPGD | TOP_VOLUME_RATE(20)·HCWB,BB,ITUB | HOT_BY_OPT_VOLUME(20)·GIF,PJT,PDLB | HALTED(0)
[14:56:38] TOP_PERC_GAIN(20)·HCWB,MWC,MTVA | TOP_OPEN_PERC_GAIN(20)·HCWB,QUCY,MTVA | HOT_BY_VOLUME(20)·PPBT,SUGP,MWC | TOP_STOCK_BUY_IMBALANCE_ADV_RATIO(5)·RND,CPSM,UPGD | TOP_VOLUME_RATE(20)·TZA,HCWB,EW | HOT_BY_OPT_VOLUME(20)·GIF,PJT,PDLB | HALTED(0)
[14:57:08] TOP_PERC_GAIN(20)·HCWB,MWC,MTVA | TOP_OPEN_PERC_GAIN(20)·HCWB,QUCY,MTVA | HOT_BY_VOLUME(20)·PPBT,SUGP,MWC | TOP_STOCK_BUY_IMBALANCE_ADV_RATIO(5)·RND,CPSM,UPGD | TOP_VOLUME_RATE(20)·TZA,HCWB,EW | HOT_BY_OPT_VOLUME(20)·GIF,PJT,PDLB | HALTED(0)
[14:57:38] TOP_PERC_GAIN(20)·HCWB,MWC,MTVA | TOP_OPEN_PERC_GAIN(20)·HCWB,QUCY,MTVA | HOT_BY_VOLUME(20)·PPBT,SUGP,MWC | TOP_STOCK_BUY_IMBALANCE_ADV_RATIO(5)·RND,CPSM,UPGD | TOP_VOLUME_RATE(20)·BMNU,HCWB,HIVE | HOT_BY_OPT_VOLUME(20)·GIF,PJT,PDLB | HALTED(0)
[14:58:08] TOP_PERC_GAIN(20)·HCWB,MWC,MTVA | TOP_OPEN_PERC_GAIN(20)·HCWB,QUCY,MTVA | HOT_BY_VOLUME(20)·PPBT,SUGP,MWC | TOP_STOCK_BUY_IMBALANCE_ADV_RATIO(5)·RND,CPSM,UPGD | TOP_VOLUME_RATE(20)·HCWB,BMNU,LQD | HOT_BY_OPT_VOLUME(20)·GIF,PJT,PDLB | HALTED(0)
[14:58:38] TOP_PERC_GAIN(20)·HCWB,MWC,MTVA | TOP_OPEN_PERC_GAIN(20)·HCWB,QUCY,MTVA | HOT_BY_VOLUME(20)·PPBT,SUGP,MWC | TOP_STOCK_BUY_IMBALANCE_ADV_RATIO(5)·RND,CPSM,UPGD | TOP_VOLUME_RATE(20)·TZA,HCWB,BMNU | HOT_BY_OPT_VOLUME(20)·GIF,PJT,PDLB | HALTED(0)
[14:59:08] TOP_PERC_GAIN(20)·HCWB,MWC,MTVA | TOP_OPEN_PERC_GAIN(20)·HCWB,QUCY,MTVA | HOT_BY_VOLUME(20)·PPBT,SUGP,MWC | TOP_STOCK_BUY_IMBALANCE_ADV_RATIO(5)·RND,CPSM,UPGD | TOP_VOLUME_RATE(20)·TZA,BMNU,HCWB | HOT_BY_OPT_VOLUME(20)·GIF,PJT,PDLB | HALTED(0)
[14:59:38] TOP_PERC_GAIN(20)·HCWB,MWC,MTVA | TOP_OPEN_PERC_GAIN(20)·HCWB,QUCY,MTVA | HOT_BY_VOLUME(20)·PPBT,SUGP,MWC | TOP_STOCK_BUY_IMBALANCE_ADV_RATIO(5)·RND,CPSM,UPGD | TOP_VOLUME_RATE(20)·NOK,HCWB,BMNU | HOT_BY_OPT_VOLUME(20)·GIF,PJT,PDLB | HALTED(0)
[15:00:08] TOP_PERC_GAIN(20)·HCWB,MWC,MTVA | TOP_OPEN_PERC_GAIN(20)·HCWB,QUCY,MTVA | HOT_BY_VOLUME(20)·PPBT,SUGP,MWC | TOP_STOCK_BUY_IMBALANCE_ADV_RATIO(5)·RND,CPSM,UPGD | TOP_VOLUME_RATE(20)·NOK,HCWB,BMNU | HOT_BY_OPT_VOLUME(20)·GIF,PJT,PDLB | HALTED(0)
[15:00:38] TOP_PERC_GAIN(20)·HCWB,MWC,MTVA | TOP_OPEN_PERC_GAIN(20)·HCWB,QUCY,MTVA | HOT_BY_VOLUME(20)·PPBT,SUGP,MWC | TOP_STOCK_BUY_IMBALANCE_ADV_RATIO(5)·RND,CPSM,UPGD | TOP_VOLUME_RATE(20)·NOK,HCWB,BMNU | HOT_BY_OPT_VOLUME(20)·GIF,PJT,PDLB | HALTED(0)
[15:01:08] TOP_PERC_GAIN(20)·HCWB,MWC,MTVA | TOP_OPEN_PERC_GAIN(20)·HCWB,QUCY,MTVA | HOT_BY_VOLUME(20)·PPBT,SUGP,MWC | TOP_STOCK_BUY_IMBALANCE_ADV_RATIO(5)·RND,CPSM,UPGD | TOP_VOLUME_RATE(20)·NOK,VCLT,HCWB | HOT_BY_OPT_VOLUME(20)·GIF,PJT,PDLB | HALTED(0)
[15:01:38] TOP_PERC_GAIN(20)·HCWB,MWC,MTVA | TOP_OPEN_PERC_GAIN(20)·HCWB,QUCY,MTVA | HOT_BY_VOLUME(20)·PPBT,SUGP,MWC | TOP_STOCK_BUY_IMBALANCE_ADV_RATIO(5)·RND,CPSM,UPGD | TOP_VOLUME_RATE(20)·NOK,HCWB,VCLT | HOT_BY_OPT_VOLUME(20)·GIF,PJT,PDLB | HALTED(0)
[15:02:08] TOP_PERC_GAIN(20)·HCWB,MWC,MTVA | TOP_OPEN_PERC_GAIN(20)·HCWB,QUCY,MTVA | HOT_BY_VOLUME(20)·PPBT,SUGP,MWC | TOP_STOCK_BUY_IMBALANCE_ADV_RATIO(5)·RND,CPSM,UPGD | TOP_VOLUME_RATE(20)·TZA,NOK,HCWB | HOT_BY_OPT_VOLUME(20)·GIF,PJT,PDLB | HALTED(0)
[15:02:38] TOP_PERC_GAIN(20)·HCWB,MWC,MTVA | TOP_OPEN_PERC_GAIN(20)·HCWB,QUCY,MTVA | HOT_BY_VOLUME(20)·PPBT,SUGP,MWC | TOP_STOCK_BUY_IMBALANCE_ADV_RATIO(5)·RND,CPSM,UPGD | TOP_VOLUME_RATE(20)·TZA,WMT,HCWB | HOT_BY_OPT_VOLUME(20)·GIF,PJT,PDLB | HALTED(0)
[15:03:08] TOP_PERC_GAIN(20)·HCWB,MWC,MTVA | TOP_OPEN_PERC_GAIN(20)·HCWB,MTVA,QUCY | HOT_BY_VOLUME(20)·PPBT,SUGP,MWC | TOP_STOCK_BUY_IMBALANCE_ADV_RATIO(5)·RND,CPSM,UPGD | TOP_VOLUME_RATE(20)·TZA,HCWB,MTVA | HOT_BY_OPT_VOLUME(20)·GIF,PJT,PDLB | HALTED(0)
[15:03:38] TOP_PERC_GAIN(20)·HCWB,MWC,MTVA | TOP_OPEN_PERC_GAIN(20)·HCWB,MTVA,QUCY | HOT_BY_VOLUME(20)·PPBT,SUGP,MWC | TOP_STOCK_BUY_IMBALANCE_ADV_RATIO(5)·RND,CPSM,UPGD | TOP_VOLUME_RATE(20)·MTVA,TZA,HCWB | HOT_BY_OPT_VOLUME(20)·GIF,PJT,PDLB | HALTED(0)
[15:04:08] TOP_PERC_GAIN(20)·HCWB,MWC,MTVA | TOP_OPEN_PERC_GAIN(20)·HCWB,MTVA,QUCY | HOT_BY_VOLUME(20)·PPBT,SUGP,MWC | TOP_STOCK_BUY_IMBALANCE_ADV_RATIO(5)·RND,CPSM,UPGD | TOP_VOLUME_RATE(20)·MTVA,HCWB,TZA | HOT_BY_OPT_VOLUME(20)·GIF,PJT,PDLB | HALTED(0)
[15:04:38] TOP_PERC_GAIN(20)·HCWB,MWC,MTVA | TOP_OPEN_PERC_GAIN(20)·HCWB,MTVA,QUCY | HOT_BY_VOLUME(20)·PPBT,SUGP,MWC | TOP_STOCK_BUY_IMBALANCE_ADV_RATIO(5)·RND,CPSM,UPGD | TOP_VOLUME_RATE(20)·HCWB,TZA,MTVA | HOT_BY_OPT_VOLUME(20)·GIF,PJT,PDLB | HALTED(0)
[15:05:08] TOP_PERC_GAIN(20)·HCWB,MWC,MTVA | TOP_OPEN_PERC_GAIN(20)·HCWB,MTVA,QUCY | HOT_BY_VOLUME(20)·PPBT,SUGP,MWC | TOP_STOCK_BUY_IMBALANCE_ADV_RATIO(5)·RND,CPSM,UPGD | TOP_VOLUME_RATE(20)·TZA,HCWB,AMDD | HOT_BY_OPT_VOLUME(20)·GIF,PJT,PDLB | HALTED(0)
[15:05:38] TOP_PERC_GAIN(20)·HCWB,MWC,MTVA | TOP_OPEN_PERC_GAIN(20)·HCWB,MTVA,QUCY | HOT_BY_VOLUME(20)·PPBT,SUGP,MWC | TOP_STOCK_BUY_IMBALANCE_ADV_RATIO(5)·RND,CPSM,UPGD | TOP_VOLUME_RATE(20)·TZA,HCWB,CPNG | HOT_BY_OPT_VOLUME(20)·GIF,PJT,PDLB | HALTED(0)
[15:06:08] TOP_PERC_GAIN(20)·HCWB,MWC,MTVA | TOP_OPEN_PERC_GAIN(20)·HCWB,MTVA,QUCY | HOT_BY_VOLUME(20)·PPBT,SUGP,MWC | TOP_STOCK_BUY_IMBALANCE_ADV_RATIO(5)·RND,CPSM,UPGD | TOP_VOLUME_RATE(20)·TZA,SPDN,BITO | HOT_BY_OPT_VOLUME(20)·GIF,PJT,PDLB | HALTED(0)
[15:06:38] TOP_PERC_GAIN(20)·HCWB,MWC,MTVA | TOP_OPEN_PERC_GAIN(20)·HCWB,MTVA,QUCY | HOT_BY_VOLUME(20)·PPBT,SUGP,MWC | TOP_STOCK_BUY_IMBALANCE_ADV_RATIO(5)·RND,CPSM,UPGD | TOP_VOLUME_RATE(20)·TZA,SPXU,PLUG | HOT_BY_OPT_VOLUME(20)·GIF,PJT,PDLB | HALTED(0)
[15:07:08] TOP_PERC_GAIN(20)·HCWB,MWC,MTVA | TOP_OPEN_PERC_GAIN(20)·HCWB,MTVA,QUCY | HOT_BY_VOLUME(20)·PPBT,SUGP,MWC | TOP_STOCK_BUY_IMBALANCE_ADV_RATIO(5)·RND,CPSM,UPGD | TOP_VOLUME_RATE(20)·NKE,TZA,HCWB | HOT_BY_OPT_VOLUME(20)·GIF,PJT,PDLB | HALTED(0)
[15:07:38] TOP_PERC_GAIN(20)·HCWB,MWC,MTVA | TOP_OPEN_PERC_GAIN(20)·HCWB,MTVA,QUCY | HOT_BY_VOLUME(20)·PPBT,SUGP,MWC | TOP_STOCK_BUY_IMBALANCE_ADV_RATIO(5)·RND,CPSM,UPGD | TOP_VOLUME_RATE(20)·PLUG,NKE,VUG | HOT_BY_OPT_VOLUME(20)·GIF,PJT,PDLB | HALTED(0)
[15:08:08] TOP_PERC_GAIN(20)·HCWB,MWC,MTVA | TOP_OPEN_PERC_GAIN(20)·HCWB,MTVA,QUCY | HOT_BY_VOLUME(20)·PPBT,SUGP,MWC | TOP_STOCK_BUY_IMBALANCE_ADV_RATIO(5)·RND,CPSM,UPGD | TOP_VOLUME_RATE(20)·PLUG,NKE,VUG | HOT_BY_OPT_VOLUME(20)·GIF,PJT,PDLB | HALTED(0)
[15:08:38] TOP_PERC_GAIN(20)·HCWB,MWC,MTVA | TOP_OPEN_PERC_GAIN(20)·HCWB,MTVA,QUCY | HOT_BY_VOLUME(20)·PPBT,SUGP,MWC | TOP_STOCK_BUY_IMBALANCE_ADV_RATIO(5)·RND,CPSM,UPGD | TOP_VOLUME_RATE(20)·PLUG,NKE,IHI | HOT_BY_OPT_VOLUME(20)·GIF,PJT,PDLB | HALTED(0)
[15:09:08] TOP_PERC_GAIN(20)·HCWB,MWC,MTVA | TOP_OPEN_PERC_GAIN(20)·HCWB,MTVA,QUCY | HOT_BY_VOLUME(20)·PPBT,SUGP,MWC | TOP_STOCK_BUY_IMBALANCE_ADV_RATIO(5)·RND,CPSM,UPGD | TOP_VOLUME_RATE(20)·TZA,BITO,MTVA | HOT_BY_OPT_VOLUME(20)·GIF,PJT,PDLB | HALTED(0)
[15:09:38] TOP_PERC_GAIN(20)·HCWB,MWC,MTVA | TOP_OPEN_PERC_GAIN(20)·HCWB,MTVA,QUCY | HOT_BY_VOLUME(20)·PPBT,SUGP,MWC | TOP_STOCK_BUY_IMBALANCE_ADV_RATIO(5)·RND,CPSM,UPGD | TOP_VOLUME_RATE(20)·TZA,MTVA,BITO | HOT_BY_OPT_VOLUME(20)·GIF,PJT,PDLB | HALTED(0)
[15:10:09] TOP_PERC_GAIN(20)·HCWB,MWC,MTVA | TOP_OPEN_PERC_GAIN(20)·HCWB,MTVA,QUCY | HOT_BY_VOLUME(20)·PPBT,SUGP,MWC | TOP_STOCK_BUY_IMBALANCE_ADV_RATIO(5)·RND,CPSM,UPGD | TOP_VOLUME_RATE(20)·TZA,HCWB,MTVA | HOT_BY_OPT_VOLUME(20)·GIF,PJT,PDLB | HALTED(0)
[15:10:39] TOP_PERC_GAIN(20)·HCWB,MWC,MTVA | TOP_OPEN_PERC_GAIN(20)·HCWB,MTVA,QUCY | HOT_BY_VOLUME(20)·PPBT,SUGP,MWC | TOP_STOCK_BUY_IMBALANCE_ADV_RATIO(5)·RND,CPSM,UPGD | TOP_VOLUME_RATE(20)·TZA,BITO,HCWB | HOT_BY_OPT_VOLUME(20)·GIF,PJT,PDLB | HALTED(1)·AMSS
[15:11:09] TOP_PERC_GAIN(20)·HCWB,MWC,MTVA | TOP_OPEN_PERC_GAIN(20)·HCWB,MTVA,QUCY | HOT_BY_VOLUME(20)·PPBT,SUGP,MWC | TOP_STOCK_BUY_IMBALANCE_ADV_RATIO(5)·RND,CPSM,UPGD | TOP_VOLUME_RATE(20)·GPIX,MTVA,TZA | HOT_BY_OPT_VOLUME(20)·GIF,PJT,PDLB | HALTED(1)·AMSS
[15:11:39] TOP_PERC_GAIN(20)·HCWB,MWC,MTVA | TOP_OPEN_PERC_GAIN(20)·HCWB,MTVA,QUCY | HOT_BY_VOLUME(20)·PPBT,SUGP,MWC | TOP_STOCK_BUY_IMBALANCE_ADV_RATIO(5)·RND,CPSM,UPGD | TOP_VOLUME_RATE(20)·HCWB,GPIX,MTVA | HOT_BY_OPT_VOLUME(20)·GIF,PJT,PDLB | HALTED(1)·AMSS
[15:12:09] TOP_PERC_GAIN(20)·HCWB,MWC,MTVA | TOP_OPEN_PERC_GAIN(20)·HCWB,MTVA,QUCY | HOT_BY_VOLUME(20)·PPBT,SUGP,MWC | TOP_STOCK_BUY_IMBALANCE_ADV_RATIO(5)·RND,CPSM,UPGD | TOP_VOLUME_RATE(20)·HYG,HCWB,GPIX | HOT_BY_OPT_VOLUME(20)·GIF,PJT,PDLB | HALTED(1)·AMSS
[15:12:39] TOP_PERC_GAIN(20)·HCWB,MWC,MTVA | TOP_OPEN_PERC_GAIN(20)·HCWB,MTVA,QUCY | HOT_BY_VOLUME(20)·PPBT,SUGP,MWC | TOP_STOCK_BUY_IMBALANCE_ADV_RATIO(5)·RND,CPSM,UPGD | TOP_VOLUME_RATE(20)·JEPI,HYG,HCWB | HOT_BY_OPT_VOLUME(20)·GIF,PJT,PDLB | HALTED(1)·AMSS
[15:13:09] TOP_PERC_GAIN(20)·HCWB,MWC,MTVA | TOP_OPEN_PERC_GAIN(20)·HCWB,MTVA,QUCY | HOT_BY_VOLUME(20)·PPBT,SUGP,MWC | TOP_STOCK_BUY_IMBALANCE_ADV_RATIO(5)·RND,CPSM,UPGD | TOP_VOLUME_RATE(20)·JEPI,HYG,MTVA | HOT_BY_OPT_VOLUME(20)·GIF,PJT,PDLB | HALTED(1)·AMSS
[15:13:39] TOP_PERC_GAIN(20)·HCWB,MWC,MTVA | TOP_OPEN_PERC_GAIN(20)·HCWB,MTVA,QUCY | HOT_BY_VOLUME(20)·PPBT,SUGP,MWC | TOP_STOCK_BUY_IMBALANCE_ADV_RATIO(4)·RND,UPGD,CCOM | TOP_VOLUME_RATE(20)·MTVA,JEPI,VUG | HOT_BY_OPT_VOLUME(20)·GIF,PJT,PDLB | HALTED(1)·AMSS
[15:14:09] TOP_PERC_GAIN(20)·HCWB,MWC,MTVA | TOP_OPEN_PERC_GAIN(20)·HCWB,MTVA,QUCY | HOT_BY_VOLUME(20)·PPBT,SUGP,MWC | TOP_STOCK_BUY_IMBALANCE_ADV_RATIO(4)·RND,UPGD,CCOM | TOP_VOLUME_RATE(20)·BB,TZA,GGB | HOT_BY_OPT_VOLUME(20)·GIF,PJT,PDLB | HALTED(1)·AMSS
[15:14:39] TOP_PERC_GAIN(20)·HCWB,MWC,MTVA | TOP_OPEN_PERC_GAIN(20)·HCWB,MTVA,QUCY | HOT_BY_VOLUME(20)·PPBT,SUGP,MWC | TOP_STOCK_BUY_IMBALANCE_ADV_RATIO(4)·RND,UPGD,CCOM | TOP_VOLUME_RATE(20)·BB,TZA,GGB | HOT_BY_OPT_VOLUME(20)·GIF,PJT,PDLB | HALTED(1)·AMSS
[15:15:09] TOP_PERC_GAIN(20)·HCWB,MWC,RKDA | TOP_OPEN_PERC_GAIN(20)·HCWB,QUCY,MTVA | HOT_BY_VOLUME(20)·RKDA,PPBT,SUGP | TOP_STOCK_BUY_IMBALANCE_ADV_RATIO(4)·RND,UPGD,CCOM | TOP_VOLUME_RATE(20)·BB,TZA,RKDA | HOT_BY_OPT_VOLUME(20)·GIF,PJT,PDLB | HALTED(1)·AMSS
[15:15:39] TOP_PERC_GAIN(20)·HCWB,MWC,RKDA | TOP_OPEN_PERC_GAIN(20)·HCWB,QUCY,MTVA | HOT_BY_VOLUME(20)·RKDA,PPBT,SUGP | TOP_STOCK_BUY_IMBALANCE_ADV_RATIO(4)·RND,UPGD,CCOM | TOP_VOLUME_RATE(20)·BB,TZA,RKDA | HOT_BY_OPT_VOLUME(20)·GIF,PJT,PDLB | HALTED(1)·AMSS
[15:16:09] TOP_PERC_GAIN(20)·HCWB,MWC,MTVA | TOP_OPEN_PERC_GAIN(20)·HCWB,QUCY,MTVA | HOT_BY_VOLUME(20)·PPBT,LIAU,SUGP | TOP_STOCK_BUY_IMBALANCE_ADV_RATIO(4)·RND,UPGD,CCOM | TOP_VOLUME_RATE(20)·BB,TZA,JMST | HOT_BY_OPT_VOLUME(20)·GIF,PJT,PDLB | HALTED(1)·AMSS
[15:16:39] TOP_PERC_GAIN(20)·HCWB,MWC,MTVA | TOP_OPEN_PERC_GAIN(20)·HCWB,QUCY,MTVA | HOT_BY_VOLUME(20)·PPBT,LIAU,SUGP | TOP_STOCK_BUY_IMBALANCE_ADV_RATIO(4)·RND,UPGD,CCOM | TOP_VOLUME_RATE(20)·SCO,SOXS,TZA | HOT_BY_OPT_VOLUME(20)·GIF,PJT,PDLB | HALTED(1)·AMSS
[15:17:09] TOP_PERC_GAIN(20)·HCWB,MWC,MTVA | TOP_OPEN_PERC_GAIN(20)·HCWB,QUCY,MTVA | HOT_BY_VOLUME(20)·PPBT,LIAU,SUGP | TOP_STOCK_BUY_IMBALANCE_ADV_RATIO(4)·RND,UPGD,CCOM | TOP_VOLUME_RATE(20)·SOXS,SCO,TZA | HOT_BY_OPT_VOLUME(20)·GIF,PJT,PDLB | HALTED(1)·AMSS
[15:17:39] TOP_PERC_GAIN(20)·HCWB,MWC,MTVA | TOP_OPEN_PERC_GAIN(20)·HCWB,QUCY,MTVA | HOT_BY_VOLUME(20)·PPBT,LIAU,SUGP | TOP_STOCK_BUY_IMBALANCE_ADV_RATIO(4)·RND,UPGD,CCOM | TOP_VOLUME_RATE(20)·SOXS,SCO,TZA | HOT_BY_OPT_VOLUME(20)·GIF,PJT,PDLB | HALTED(1)·AMSS
[15:18:09] TOP_PERC_GAIN(20)·HCWB,MWC,MTVA | TOP_OPEN_PERC_GAIN(20)·HCWB,QUCY,MTVA | HOT_BY_VOLUME(20)·PPBT,LIAU,SUGP | TOP_STOCK_BUY_IMBALANCE_ADV_RATIO(4)·RND,UPGD,CCOM | TOP_VOLUME_RATE(20)·SCO,SOXS,TZA | HOT_BY_OPT_VOLUME(20)·GIF,PJT,PDLB | HALTED(1)·AMSS
[15:18:39] TOP_PERC_GAIN(20)·HCWB,MWC,MTVA | TOP_OPEN_PERC_GAIN(20)·HCWB,QUCY,MTVA | HOT_BY_VOLUME(20)·PPBT,LIAU,SUGP | TOP_STOCK_BUY_IMBALANCE_ADV_RATIO(4)·RND,UPGD,CCOM | TOP_VOLUME_RATE(20)·SQQQ,TZA,SOXS | HOT_BY_OPT_VOLUME(20)·GIF,PJT,PDLB | HALTED(1)·AMSS
[15:19:09] TOP_PERC_GAIN(20)·HCWB,MWC,MTVA | TOP_OPEN_PERC_GAIN(20)·HCWB,QUCY,MTVA | HOT_BY_VOLUME(20)·PPBT,LIAU,SUGP | TOP_STOCK_BUY_IMBALANCE_ADV_RATIO(4)·RND,UPGD,CCOM | TOP_VOLUME_RATE(20)·SPXS,XLF,SOXS | HOT_BY_OPT_VOLUME(20)·GIF,PJT,PDLB | HALTED(1)·AMSS
[15:19:39] TOP_PERC_GAIN(20)·HCWB,MWC,MTVA | TOP_OPEN_PERC_GAIN(20)·HCWB,QUCY,MTVA | HOT_BY_VOLUME(20)·PPBT,LIAU,SUGP | TOP_STOCK_BUY_IMBALANCE_ADV_RATIO(4)·RND,UPGD,CCOM | TOP_VOLUME_RATE(20)·SPXS,XLF,SOXS | HOT_BY_OPT_VOLUME(20)·GIF,PJT,PDLB | HALTED(1)·AMSS
[15:20:09] TOP_PERC_GAIN(20)·HCWB,MWC,MTVA | TOP_OPEN_PERC_GAIN(20)·HCWB,QUCY,MTVA | HOT_BY_VOLUME(20)·PPBT,LIAU,SUGP | TOP_STOCK_BUY_IMBALANCE_ADV_RATIO(4)·RND,UPGD,CCOM | TOP_VOLUME_RATE(20)·TZA,SPXS,VCIT | HOT_BY_OPT_VOLUME(20)·GIF,PJT,PDLB | HALTED(1)·AMSS
[15:20:39] TOP_PERC_GAIN(20)·HCWB,MWC,MTVA | TOP_OPEN_PERC_GAIN(20)·HCWB,QUCY,MTVA | HOT_BY_VOLUME(20)·PPBT,LIAU,SUGP | TOP_STOCK_BUY_IMBALANCE_ADV_RATIO(4)·RND,UPGD,CCOM | TOP_VOLUME_RATE(20)·BMNU,SCO,ITUB | HOT_BY_OPT_VOLUME(20)·GIF,PJT,PDLB | HALTED(1)·AMSS
[15:21:09] TOP_PERC_GAIN(20)·HCWB,MWC,MTVA | TOP_OPEN_PERC_GAIN(20)·HCWB,QUCY,MTVA | HOT_BY_VOLUME(20)·PPBT,LIAU,SUGP | TOP_STOCK_BUY_IMBALANCE_ADV_RATIO(4)·RND,UPGD,CCOM | TOP_VOLUME_RATE(20)·BMNU,HCWB,TZA | HOT_BY_OPT_VOLUME(20)·GIF,PJT,PDLB | HALTED(1)·AMSS
[15:21:39] TOP_PERC_GAIN(20)·HCWB,MWC,MTVA | TOP_OPEN_PERC_GAIN(20)·HCWB,QUCY,MTVA | HOT_BY_VOLUME(20)·PPBT,LIAU,SUGP | TOP_STOCK_BUY_IMBALANCE_ADV_RATIO(4)·RND,UPGD,CCOM | TOP_VOLUME_RATE(20)·SOXS,BMNU,HCWB | HOT_BY_OPT_VOLUME(20)·GIF,PJT,PDLB | HALTED(1)·AMSS
[15:22:09] TOP_PERC_GAIN(20)·HCWB,MWC,MTVA | TOP_OPEN_PERC_GAIN(20)·HCWB,QUCY,MTVA | HOT_BY_VOLUME(20)·PPBT,LIAU,SUGP | TOP_STOCK_BUY_IMBALANCE_ADV_RATIO(4)·RND,UPGD,CCOM | TOP_VOLUME_RATE(20)·TZA,ZETA,SPDN | HOT_BY_OPT_VOLUME(20)·GIF,PJT,PDLB | HALTED(1)·AMSS
[15:22:39] TOP_PERC_GAIN(20)·HCWB,MWC,MTVA | TOP_OPEN_PERC_GAIN(20)·HCWB,QUCY,MTVA | HOT_BY_VOLUME(20)·PPBT,LIAU,SUGP | TOP_STOCK_BUY_IMBALANCE_ADV_RATIO(4)·RND,UPGD,CCOM | TOP_VOLUME_RATE(20)·TZA,SFLR,SOXS | HOT_BY_OPT_VOLUME(20)·GIF,PJT,PDLB | HALTED(1)·AMSS
[15:23:09] TOP_PERC_GAIN(20)·HCWB,MWC,MTVA | TOP_OPEN_PERC_GAIN(20)·HCWB,QUCY,MTVA | HOT_BY_VOLUME(20)·PPBT,LIAU,SUGP | TOP_STOCK_BUY_IMBALANCE_ADV_RATIO(4)·RND,UPGD,CCOM | TOP_VOLUME_RATE(20)·TRIP,TZA,SFLR | HOT_BY_OPT_VOLUME(20)·GIF,PJT,PDLB | HALTED(1)·AMSS
[15:23:39] TOP_PERC_GAIN(20)·HCWB,MWC,MTVA | TOP_OPEN_PERC_GAIN(20)·HCWB,QUCY,MTVA | HOT_BY_VOLUME(20)·PPBT,LIAU,SUGP | TOP_STOCK_BUY_IMBALANCE_ADV_RATIO(4)·RND,UPGD,CCOM | TOP_VOLUME_RATE(20)·TZA,TRIP,SFLR | HOT_BY_OPT_VOLUME(20)·GIF,PJT,PDLB | HALTED(0)
[15:24:09] TOP_PERC_GAIN(20)·HCWB,MWC,MTVA | TOP_OPEN_PERC_GAIN(20)·HCWB,QUCY,MTVA | HOT_BY_VOLUME(20)·PPBT,LIAU,SUGP | TOP_STOCK_BUY_IMBALANCE_ADV_RATIO(4)·RND,UPGD,CCOM | TOP_VOLUME_RATE(20)·TZA,TRIP,BMNU | HOT_BY_OPT_VOLUME(20)·GIF,PJT,PDLB | HALTED(0)
[15:24:39] TOP_PERC_GAIN(20)·HCWB,MWC,MTVA | TOP_OPEN_PERC_GAIN(20)·HCWB,QUCY,MTVA | HOT_BY_VOLUME(20)·PPBT,LIAU,SUGP | TOP_STOCK_BUY_IMBALANCE_ADV_RATIO(4)·RND,UPGD,CCOM | TOP_VOLUME_RATE(20)·SCHG,PYLD,TZA | HOT_BY_OPT_VOLUME(20)·GIF,PJT,PDLB | HALTED(0)
[15:25:09] TOP_PERC_GAIN(20)·HCWB,MWC,MTVA | TOP_OPEN_PERC_GAIN(20)·HCWB,QUCY,MTVA | HOT_BY_VOLUME(20)·PPBT,LIAU,SUGP | TOP_STOCK_BUY_IMBALANCE_ADV_RATIO(4)·RND,UPGD,CCOM | TOP_VOLUME_RATE(20)·SCHQ,SCHG,TZA | HOT_BY_OPT_VOLUME(20)·GIF,PJT,PDLB | HALTED(1)·AMSS
[15:25:39] TOP_PERC_GAIN(20)·HCWB,MWC,MTVA | TOP_OPEN_PERC_GAIN(20)·HCWB,QUCY,MTVA | HOT_BY_VOLUME(20)·PPBT,LIAU,SUGP | TOP_STOCK_BUY_IMBALANCE_ADV_RATIO(4)·RND,UPGD,CCOM | TOP_VOLUME_RATE(20)·SCHQ,VUG,SCHG | HOT_BY_OPT_VOLUME(20)·GIF,PJT,PDLB | HALTED(1)·AMSS
[15:26:09] TOP_PERC_GAIN(20)·HCWB,MWC,MTVA | TOP_OPEN_PERC_GAIN(20)·HCWB,QUCY,MTVA | HOT_BY_VOLUME(20)·PPBT,LIAU,SUGP | TOP_STOCK_BUY_IMBALANCE_ADV_RATIO(4)·RND,UPGD,CCOM | TOP_VOLUME_RATE(20)·TZA,CORZ,SCHQ | HOT_BY_OPT_VOLUME(20)·GIF,PJT,PDLB | HALTED(1)·AMSS
[15:26:39] TOP_PERC_GAIN(20)·HCWB,MWC,MTVA | TOP_OPEN_PERC_GAIN(20)·HCWB,QUCY,MTVA | HOT_BY_VOLUME(20)·PPBT,LIAU,SUGP | TOP_STOCK_BUY_IMBALANCE_ADV_RATIO(4)·RND,UPGD,CCOM | TOP_VOLUME_RATE(20)·SCHO,TZA,NVDA | HOT_BY_OPT_VOLUME(20)·GIF,PJT,PDLB | HALTED(1)·AMSS
[15:27:09] TOP_PERC_GAIN(20)·HCWB,MWC,MTVA | TOP_OPEN_PERC_GAIN(20)·HCWB,QUCY,MTVA | HOT_BY_VOLUME(20)·PPBT,LIAU,SUGP | TOP_STOCK_BUY_IMBALANCE_ADV_RATIO(4)·RND,UPGD,CCOM | TOP_VOLUME_RATE(20)·SCHO,SPHQ,TZA | HOT_BY_OPT_VOLUME(20)·GIF,PJT,PDLB | HALTED(1)·AMSS
[15:27:39] TOP_PERC_GAIN(20)·HCWB,MWC,MTVA | TOP_OPEN_PERC_GAIN(20)·HCWB,QUCY,MTVA | HOT_BY_VOLUME(20)·PPBT,LIAU,SUGP | TOP_STOCK_BUY_IMBALANCE_ADV_RATIO(4)·RND,UPGD,CCOM | TOP_VOLUME_RATE(20)·SCHO,TLT,SPHQ | HOT_BY_OPT_VOLUME(20)·GIF,PJT,PDLB | HALTED(1)·AMSS
[15:28:09] TOP_PERC_GAIN(20)·HCWB,MWC,MTVA | TOP_OPEN_PERC_GAIN(20)·HCWB,QUCY,MTVA | HOT_BY_VOLUME(20)·PPBT,LIAU,SUGP | TOP_STOCK_BUY_IMBALANCE_ADV_RATIO(4)·RND,UPGD,CCOM | TOP_VOLUME_RATE(20)·INDA,SCHO,IEUR | HOT_BY_OPT_VOLUME(20)·GIF,PJT,PDLB | HALTED(1)·AMSS
[15:28:39] TOP_PERC_GAIN(20)·HCWB,MWC,MTVA | TOP_OPEN_PERC_GAIN(20)·HCWB,QUCY,MTVA | HOT_BY_VOLUME(20)·PPBT,LIAU,SUGP | TOP_STOCK_BUY_IMBALANCE_ADV_RATIO(4)·RND,UPGD,CCOM | TOP_VOLUME_RATE(20)·SPDN,INDA,QGRW | HOT_BY_OPT_VOLUME(20)·GIF,PJT,PDLB | HALTED(1)·AMSS
[15:29:09] TOP_PERC_GAIN(20)·HCWB,MWC,MTVA | TOP_OPEN_PERC_GAIN(20)·HCWB,QUCY,MTVA | HOT_BY_VOLUME(20)·PPBT,LIAU,SUGP | TOP_STOCK_BUY_IMBALANCE_ADV_RATIO(4)·RND,UPGD,CCOM | TOP_VOLUME_RATE(20)·PSKY,UAA,TZA | HOT_BY_OPT_VOLUME(20)·GIF,PJT,PDLB | HALTED(1)·AMSS
[15:29:39] TOP_PERC_GAIN(20)·HCWB,MWC,MTVA | TOP_OPEN_PERC_GAIN(20)·HCWB,QUCY,MTVA | HOT_BY_VOLUME(20)·PPBT,LIAU,SUGP | TOP_STOCK_BUY_IMBALANCE_ADV_RATIO(4)·RND,UPGD,CCOM | TOP_VOLUME_RATE(20)·BMNU,PSKY,BAC | HOT_BY_OPT_VOLUME(20)·GIF,PJT,PDLB | HALTED(1)·AMSS
[15:30:09] TOP_PERC_GAIN(20)·HCWB,MWC,MTVA | TOP_OPEN_PERC_GAIN(20)·HCWB,QUCY,MTVA | HOT_BY_VOLUME(20)·PPBT,LIAU,SUGP | TOP_STOCK_BUY_IMBALANCE_ADV_RATIO(4)·RND,UPGD,CCOM | TOP_VOLUME_RATE(20)·XLK,BMNU,UAA | HOT_BY_OPT_VOLUME(20)·GIF,PJT,PDLB | HALTED(1)·AMSS
[15:30:39] TOP_PERC_GAIN(20)·HCWB,MWC,MTVA | TOP_OPEN_PERC_GAIN(20)·HCWB,QUCY,MTVA | HOT_BY_VOLUME(20)·PPBT,LIAU,SUGP | TOP_STOCK_BUY_IMBALANCE_ADV_RATIO(4)·RND,UPGD,CCOM | TOP_VOLUME_RATE(20)·BMNU,XLK,SOXS | HOT_BY_OPT_VOLUME(20)·GIF,PJT,PDLB | HALTED(1)·AMSS
[15:31:09] TOP_PERC_GAIN(20)·HCWB,MWC,MTVA | TOP_OPEN_PERC_GAIN(20)·HCWB,QUCY,MTVA | HOT_BY_VOLUME(20)·PPBT,LIAU,SUGP | TOP_STOCK_BUY_IMBALANCE_ADV_RATIO(4)·RND,UPGD,CCOM | TOP_VOLUME_RATE(20)·TZA,VTEB,BMNU | HOT_BY_OPT_VOLUME(20)·GIF,PJT,PDLB | HALTED(1)·AMSS
[15:31:39] TOP_PERC_GAIN(20)·HCWB,MWC,MTVA | TOP_OPEN_PERC_GAIN(20)·HCWB,QUCY,MTVA | HOT_BY_VOLUME(20)·PPBT,LIAU,SUGP | TOP_STOCK_BUY_IMBALANCE_ADV_RATIO(4)·RND,UPGD,CCOM | TOP_VOLUME_RATE(20)·TZA,HCWB,VTEB | HOT_BY_OPT_VOLUME(20)·GIF,PJT,PDLB | HALTED(1)·AMSS
[15:32:10] TOP_PERC_GAIN(20)·HCWB,MWC,MTVA | TOP_OPEN_PERC_GAIN(20)·HCWB,QUCY,MTVA | HOT_BY_VOLUME(20)·PPBT,LIAU,SUGP | TOP_STOCK_BUY_IMBALANCE_ADV_RATIO(4)·RND,UPGD,CCOM | TOP_VOLUME_RATE(20)·TZA,BITO,HCWB | HOT_BY_OPT_VOLUME(20)·GIF,PJT,PDLB | HALTED(1)·AMSS
[15:32:40] TOP_PERC_GAIN(20)·HCWB,MWC,MTVA | TOP_OPEN_PERC_GAIN(20)·HCWB,QUCY,MTVA | HOT_BY_VOLUME(20)·PPBT,LIAU,SUGP | TOP_STOCK_BUY_IMBALANCE_ADV_RATIO(4)·RND,UPGD,CCOM | TOP_VOLUME_RATE(20)·TZA,BITO,PSKY | HOT_BY_OPT_VOLUME(20)·GIF,PJT,PDLB | HALTED(1)·AMSS
[15:33:10] TOP_PERC_GAIN(20)·HCWB,MWC,MTVA | TOP_OPEN_PERC_GAIN(20)·HCWB,QUCY,MTVA | HOT_BY_VOLUME(20)·PPBT,LIAU,SUGP | TOP_STOCK_BUY_IMBALANCE_ADV_RATIO(4)·RND,UPGD,CCOM | TOP_VOLUME_RATE(20)·TZA,BITO,PSKY | HOT_BY_OPT_VOLUME(20)·GIF,PJT,PDLB | HALTED(1)·AMSS
[15:33:40] TOP_PERC_GAIN(20)·HCWB,MWC,MTVA | TOP_OPEN_PERC_GAIN(20)·HCWB,QUCY,MTVA | HOT_BY_VOLUME(20)·PPBT,LIAU,SUGP | TOP_STOCK_BUY_IMBALANCE_ADV_RATIO(4)·RND,UPGD,CCOM | TOP_VOLUME_RATE(20)·TZA,BITO,PSKY | HOT_BY_OPT_VOLUME(20)·GIF,PJT,PDLB | HALTED(1)·AMSS
[15:34:10] TOP_PERC_GAIN(20)·HCWB,MWC,MTVA | TOP_OPEN_PERC_GAIN(20)·HCWB,QUCY,MTVA | HOT_BY_VOLUME(20)·PPBT,LIAU,SUGP | TOP_STOCK_BUY_IMBALANCE_ADV_RATIO(4)·RND,UPGD,CCOM | TOP_VOLUME_RATE(20)·TZA,ITUB,HCWB | HOT_BY_OPT_VOLUME(20)·GIF,PJT,PDLB | HALTED(1)·AMSS
[15:34:40] TOP_PERC_GAIN(20)·HCWB,MWC,MTVA | TOP_OPEN_PERC_GAIN(20)·HCWB,QUCY,MTVA | HOT_BY_VOLUME(20)·PPBT,LIAU,SUGP | TOP_STOCK_BUY_IMBALANCE_ADV_RATIO(4)·RND,UPGD,CCOM | TOP_VOLUME_RATE(20)·TZA,ITUB,HCWB | HOT_BY_OPT_VOLUME(20)·GIF,PJT,PDLB | HALTED(1)·AMSS
[15:35:10] TOP_PERC_GAIN(20)·HCWB,MWC,MTVA | TOP_OPEN_PERC_GAIN(20)·HCWB,QUCY,MTVA | HOT_BY_VOLUME(20)·PPBT,LIAU,SUGP | TOP_STOCK_BUY_IMBALANCE_ADV_RATIO(4)·RND,UPGD,CCOM | TOP_VOLUME_RATE(20)·SPDN,TZA,ITUB | HOT_BY_OPT_VOLUME(20)·GIF,PJT,PDLB | HALTED(1)·AMSS
[15:35:40] TOP_PERC_GAIN(20)·HCWB,MWC,MTVA | TOP_OPEN_PERC_GAIN(20)·HCWB,QUCY,MTVA | HOT_BY_VOLUME(20)·PPBT,LIAU,SUGP | TOP_STOCK_BUY_IMBALANCE_ADV_RATIO(4)·RND,UPGD,CCOM | TOP_VOLUME_RATE(20)·SPDN,TZA,STLA | HOT_BY_OPT_VOLUME(20)·GIF,PJT,PDLB | HALTED(0)
[15:36:10] TOP_PERC_GAIN(20)·HCWB,MWC,MTVA | TOP_OPEN_PERC_GAIN(20)·HCWB,QUCY,MTVA | HOT_BY_VOLUME(20)·PPBT,LIAU,SUGP | TOP_STOCK_BUY_IMBALANCE_ADV_RATIO(4)·RND,UPGD,CCOM | TOP_VOLUME_RATE(20)·SPDN,TZA,STLA | HOT_BY_OPT_VOLUME(20)·GIF,PJT,PDLB | HALTED(0)
[15:36:40] TOP_PERC_GAIN(20)·HCWB,MWC,MTVA | TOP_OPEN_PERC_GAIN(20)·HCWB,QUCY,MTVA | HOT_BY_VOLUME(20)·PPBT,LIAU,SUGP | TOP_STOCK_BUY_IMBALANCE_ADV_RATIO(4)·RND,UPGD,CCOM | TOP_VOLUME_RATE(20)·HCWB,AAL,HYG | HOT_BY_OPT_VOLUME(20)·GIF,PJT,PDLB | HALTED(0)
[15:37:10] TOP_PERC_GAIN(20)·HCWB,MWC,MTVA | TOP_OPEN_PERC_GAIN(20)·HCWB,QUCY,MTVA | HOT_BY_VOLUME(20)·PPBT,LIAU,SUGP | TOP_STOCK_BUY_IMBALANCE_ADV_RATIO(4)·RND,UPGD,CCOM | TOP_VOLUME_RATE(20)·VTEB,HCWB,AAL | HOT_BY_OPT_VOLUME(20)·GIF,PJT,PDLB | HALTED(0)
[15:37:40] TOP_PERC_GAIN(20)·HCWB,MWC,MTVA | TOP_OPEN_PERC_GAIN(20)·HCWB,QUCY,MTVA | HOT_BY_VOLUME(20)·PPBT,LIAU,SUGP | TOP_STOCK_BUY_IMBALANCE_ADV_RATIO(4)·RND,UPGD,CCOM | TOP_VOLUME_RATE(20)·TZA,SMCI,VTEB | HOT_BY_OPT_VOLUME(20)·GIF,PJT,PDLB | HALTED(0)
[15:38:10] TOP_PERC_GAIN(20)·HCWB,MWC,MTVA | TOP_OPEN_PERC_GAIN(20)·HCWB,QUCY,MTVA | HOT_BY_VOLUME(20)·PPBT,LIAU,SUGP | TOP_STOCK_BUY_IMBALANCE_ADV_RATIO(4)·RND,UPGD,CCOM | TOP_VOLUME_RATE(20)·SMCI,BITO,TZA | HOT_BY_OPT_VOLUME(20)·GIF,PJT,PDLB | HALTED(0)
[15:38:40] TOP_PERC_GAIN(20)·HCWB,MWC,MTVA | TOP_OPEN_PERC_GAIN(20)·HCWB,QUCY,MTVA | HOT_BY_VOLUME(20)·PPBT,LIAU,SUGP | TOP_STOCK_BUY_IMBALANCE_ADV_RATIO(4)·RND,UPGD,CCOM | TOP_VOLUME_RATE(20)·TZA,HCWB,AAL | HOT_BY_OPT_VOLUME(20)·GIF,PJT,PDLB | HALTED(0)
[15:39:10] TOP_PERC_GAIN(20)·HCWB,MWC,MTVA | TOP_OPEN_PERC_GAIN(20)·HCWB,QUCY,MTVA | HOT_BY_VOLUME(20)·PPBT,LIAU,SUGP | TOP_STOCK_BUY_IMBALANCE_ADV_RATIO(4)·RND,UPGD,CCOM | TOP_VOLUME_RATE(20)·TZA,BITO,HCWB | HOT_BY_OPT_VOLUME(20)·GIF,PJT,PDLB | HALTED(0)
[15:39:40] TOP_PERC_GAIN(20)·HCWB,MWC,MTVA | TOP_OPEN_PERC_GAIN(20)·HCWB,QUCY,MTVA | HOT_BY_VOLUME(20)·PPBT,LIAU,SUGP | TOP_STOCK_BUY_IMBALANCE_ADV_RATIO(4)·RND,UPGD,CCOM | TOP_VOLUME_RATE(20)·TZA,BITO,BBD | HOT_BY_OPT_VOLUME(20)·GIF,PJT,PDLB | HALTED(0)
[15:40:10] TOP_PERC_GAIN(20)·HCWB,MWC,MTVA | TOP_OPEN_PERC_GAIN(20)·HCWB,QUCY,MTVA | HOT_BY_VOLUME(20)·PPBT,LIAU,SUGP | TOP_STOCK_BUY_IMBALANCE_ADV_RATIO(4)·RND,UPGD,CCOM | TOP_VOLUME_RATE(20)·BITO,TZA,ITUB | HOT_BY_OPT_VOLUME(20)·GIF,PJT,PDLB | HALTED(0)
[15:40:40] TOP_PERC_GAIN(20)·HCWB,MWC,MTVA | TOP_OPEN_PERC_GAIN(20)·HCWB,MTVA,QUCY | HOT_BY_VOLUME(20)·PPBT,LIAU,SUGP | TOP_STOCK_BUY_IMBALANCE_ADV_RATIO(4)·RND,UPGD,CCOM | TOP_VOLUME_RATE(20)·HCWB,AAL,RXO | HOT_BY_OPT_VOLUME(20)·GIF,PJT,PDLB | HALTED(0)
[15:41:10] TOP_PERC_GAIN(20)·HCWB,MWC,MTVA | TOP_OPEN_PERC_GAIN(20)·HCWB,QUCY,MTVA | HOT_BY_VOLUME(20)·PPBT,LIAU,SUGP | TOP_STOCK_BUY_IMBALANCE_ADV_RATIO(4)·RND,UPGD,CCOM | TOP_VOLUME_RATE(20)·INTC,TZA,AAL | HOT_BY_OPT_VOLUME(20)·GIF,PJT,PDLB | HALTED(0)
[15:41:40] TOP_PERC_GAIN(20)·HCWB,MWC,MTVA | TOP_OPEN_PERC_GAIN(20)·HCWB,QUCY,MTVA | HOT_BY_VOLUME(20)·PPBT,LIAU,SUGP | TOP_STOCK_BUY_IMBALANCE_ADV_RATIO(4)·RND,UPGD,CCOM | TOP_VOLUME_RATE(20)·TZA,INTC,SOXS | HOT_BY_OPT_VOLUME(20)·GIF,PJT,PDLB | HALTED(0)
[15:42:10] TOP_PERC_GAIN(20)·HCWB,MWC,MTVA | TOP_OPEN_PERC_GAIN(20)·HCWB,QUCY,MTVA | HOT_BY_VOLUME(20)·PPBT,LIAU,SUGP | TOP_STOCK_BUY_IMBALANCE_ADV_RATIO(4)·RND,UPGD,CCOM | TOP_VOLUME_RATE(20)·TZA,INTC,DBRG | HOT_BY_OPT_VOLUME(20)·GIF,PJT,PDLB | HALTED(0)
[15:42:40] TOP_PERC_GAIN(20)·HCWB,MWC,MTVA | TOP_OPEN_PERC_GAIN(20)·HCWB,QUCY,MTVA | HOT_BY_VOLUME(20)·PPBT,LIAU,SUGP | TOP_STOCK_BUY_IMBALANCE_ADV_RATIO(4)·RND,UPGD,CCOM | TOP_VOLUME_RATE(20)·TZA,INTC,DBRG | HOT_BY_OPT_VOLUME(20)·GIF,PJT,PDLB | HALTED(0)
[15:43:10] TOP_PERC_GAIN(20)·HCWB,MWC,MTVA | TOP_OPEN_PERC_GAIN(20)·HCWB,QUCY,MTVA | HOT_BY_VOLUME(20)·PPBT,LIAU,SUGP | TOP_STOCK_BUY_IMBALANCE_ADV_RATIO(4)·RND,UPGD,CCOM | TOP_VOLUME_RATE(20)·TZA,BITO,TAFM | HOT_BY_OPT_VOLUME(20)·GIF,PJT,PDLB | HALTED(0)
[15:43:40] TOP_PERC_GAIN(20)·HCWB,MWC,MTVA | TOP_OPEN_PERC_GAIN(20)·HCWB,QUCY,MTVA | HOT_BY_VOLUME(20)·PPBT,LIAU,SUGP | TOP_STOCK_BUY_IMBALANCE_ADV_RATIO(4)·RND,UPGD,CCOM | TOP_VOLUME_RATE(20)·TZA,BITO,TAFM | HOT_BY_OPT_VOLUME(20)·GIF,PJT,PDLB | HALTED(0)
[15:44:10] TOP_PERC_GAIN(20)·HCWB,MWC,MTVA | TOP_OPEN_PERC_GAIN(20)·HCWB,QUCY,MTVA | HOT_BY_VOLUME(20)·PPBT,LIAU,SUGP | TOP_STOCK_BUY_IMBALANCE_ADV_RATIO(4)·RND,UPGD,CCOM | TOP_VOLUME_RATE(20)·TZA,YUM,BITO | HOT_BY_OPT_VOLUME(20)·GIF,PJT,PDLB | HALTED(0)
[15:44:40] TOP_PERC_GAIN(20)·HCWB,MWC,MTVA | TOP_OPEN_PERC_GAIN(20)·HCWB,QUCY,MTVA | HOT_BY_VOLUME(20)·PPBT,LIAU,SUGP | TOP_STOCK_BUY_IMBALANCE_ADV_RATIO(4)·RND,UPGD,CCOM | TOP_VOLUME_RATE(20)·TZA,YUM,NOK | HOT_BY_OPT_VOLUME(20)·GIF,PJT,PDLB | HALTED(0)
[15:45:10] TOP_PERC_GAIN(20)·HCWB,MWC,MTVA | TOP_OPEN_PERC_GAIN(20)·HCWB,QUCY,MTVA | HOT_BY_VOLUME(20)·PPBT,LIAU,SUGP | TOP_STOCK_BUY_IMBALANCE_ADV_RATIO(4)·RND,UPGD,CCOM | TOP_VOLUME_RATE(20)·TZA,AAL,BB | HOT_BY_OPT_VOLUME(20)·GIF,PJT,PDLB | HALTED(0)
[15:45:40] TOP_PERC_GAIN(20)·HCWB,MWC,MTVA | TOP_OPEN_PERC_GAIN(20)·HCWB,QUCY,MTVA | HOT_BY_VOLUME(20)·PPBT,LIAU,SUGP | TOP_STOCK_BUY_IMBALANCE_ADV_RATIO(4)·RND,UPGD,CCOM | TOP_VOLUME_RATE(20)·TZA,WMT,BB | HOT_BY_OPT_VOLUME(20)·GIF,PJT,PDLB | HALTED(0)
[15:46:10] TOP_PERC_GAIN(20)·HCWB,MWC,MTVA | TOP_OPEN_PERC_GAIN(20)·HCWB,QUCY,MTVA | HOT_BY_VOLUME(20)·PPBT,LIAU,SUGP | TOP_STOCK_BUY_IMBALANCE_ADV_RATIO(4)·RND,UPGD,CCOM | TOP_VOLUME_RATE(20)·TZA,BITO,PPL | HOT_BY_OPT_VOLUME(20)·GIF,PJT,PDLB | HALTED(0)
[15:46:40] TOP_PERC_GAIN(20)·HCWB,MWC,MTVA | TOP_OPEN_PERC_GAIN(20)·HCWB,QUCY,MTVA | HOT_BY_VOLUME(20)·PPBT,LIAU,SUGP | TOP_STOCK_BUY_IMBALANCE_ADV_RATIO(4)·RND,UPGD,CCOM | TOP_VOLUME_RATE(20)·TZA,BMNU,LVS | HOT_BY_OPT_VOLUME(20)·GIF,PJT,PDLB | HALTED(0)
[15:47:10] TOP_PERC_GAIN(20)·HCWB,MWC,MTVA | TOP_OPEN_PERC_GAIN(20)·HCWB,QUCY,MTVA | HOT_BY_VOLUME(20)·PPBT,LIAU,SUGP | TOP_STOCK_BUY_IMBALANCE_ADV_RATIO(4)·RND,UPGD,CCOM | TOP_VOLUME_RATE(20)·TZA,RKLZ,XPEV | HOT_BY_OPT_VOLUME(20)·GIF,PJT,PDLB | HALTED(0)
[15:47:40] TOP_PERC_GAIN(20)·HCWB,MWC,MTVA | TOP_OPEN_PERC_GAIN(20)·HCWB,QUCY,MTVA | HOT_BY_VOLUME(20)·PPBT,LIAU,SUGP | TOP_STOCK_BUY_IMBALANCE_ADV_RATIO(4)·RND,UPGD,CCOM | TOP_VOLUME_RATE(20)·TZA,RKLZ,BITO | HOT_BY_OPT_VOLUME(20)·GIF,PJT,PDLB | HALTED(0)
[15:48:10] TOP_PERC_GAIN(20)·HCWB,MWC,MTVA | TOP_OPEN_PERC_GAIN(20)·HCWB,QUCY,MTVA | HOT_BY_VOLUME(20)·PPBT,LIAU,SUGP | TOP_STOCK_BUY_IMBALANCE_ADV_RATIO(4)·RND,UPGD,CCOM | TOP_VOLUME_RATE(20)·TZA,RKLZ,BITO | HOT_BY_OPT_VOLUME(20)·GIF,PJT,PDLB | HALTED(0)
[15:48:40] TOP_PERC_GAIN(20)·HCWB,MWC,MTVA | TOP_OPEN_PERC_GAIN(20)·HCWB,QUCY,MTVA | HOT_BY_VOLUME(20)·PPBT,LIAU,SUGP | TOP_STOCK_BUY_IMBALANCE_ADV_RATIO(4)·RND,UPGD,CCOM | TOP_VOLUME_RATE(20)·TZA,BMNU,TAFM | HOT_BY_OPT_VOLUME(20)·GIF,PJT,PDLB | HALTED(0)
[15:49:10] TOP_PERC_GAIN(20)·HCWB,MWC,MTVA | TOP_OPEN_PERC_GAIN(20)·HCWB,QUCY,MTVA | HOT_BY_VOLUME(20)·PPBT,LIAU,SUGP | TOP_STOCK_BUY_IMBALANCE_ADV_RATIO(4)·RND,UPGD,CCOM | TOP_VOLUME_RATE(20)·DBRG,TZA,AAL | HOT_BY_OPT_VOLUME(20)·GIF,PJT,PDLB | HALTED(0)
[15:49:40] TOP_PERC_GAIN(20)·HCWB,MWC,MTVA | TOP_OPEN_PERC_GAIN(20)·HCWB,QUCY,MTVA | HOT_BY_VOLUME(20)·PPBT,LIAU,SUGP | TOP_STOCK_BUY_IMBALANCE_ADV_RATIO(4)·RND,UPGD,CCOM | TOP_VOLUME_RATE(20)·DBRG,TZA,ABEV | HOT_BY_OPT_VOLUME(20)·GIF,PJT,PDLB | HALTED(0)
[15:50:10] TOP_PERC_GAIN(20)·HCWB,MWC,MTVA | TOP_OPEN_PERC_GAIN(20)·HCWB,QUCY,MTVA | HOT_BY_VOLUME(20)·PPBT,LIAU,SUGP | TOP_STOCK_BUY_IMBALANCE_ADV_RATIO(4)·RND,UPGD,CCOM | TOP_VOLUME_RATE(20)·DBRG,TZA,ABEV | HOT_BY_OPT_VOLUME(20)·GIF,PJT,PDLB | HALTED(0)
[15:50:40] TOP_PERC_GAIN(20)·HCWB,MWC,MTVA | TOP_OPEN_PERC_GAIN(20)·HCWB,QUCY,MTVA | HOT_BY_VOLUME(20)·PPBT,LIAU,SUGP | TOP_STOCK_BUY_IMBALANCE_ADV_RATIO(4)·RND,UPGD,CCOM | TOP_VOLUME_RATE(20)·SPDN,NOK,DBRG | HOT_BY_OPT_VOLUME(20)·GIF,PJT,PDLB | HALTED(0)
[15:51:10] TOP_PERC_GAIN(20)·HCWB,MWC,MTVA | TOP_OPEN_PERC_GAIN(20)·HCWB,QUCY,MTVA | HOT_BY_VOLUME(20)·PPBT,LIAU,SUGP | TOP_STOCK_BUY_IMBALANCE_ADV_RATIO(4)·RND,UPGD,CCOM | TOP_VOLUME_RATE(20)·TZA,IEF,SPDN | HOT_BY_OPT_VOLUME(20)·GIF,PJT,PDLB | HALTED(0)
[15:51:40] TOP_PERC_GAIN(20)·HCWB,MWC,MTVA | TOP_OPEN_PERC_GAIN(20)·HCWB,QUCY,MTVA | HOT_BY_VOLUME(20)·PPBT,LIAU,SUGP | TOP_STOCK_BUY_IMBALANCE_ADV_RATIO(4)·RND,UPGD,CCOM | TOP_VOLUME_RATE(20)·TZA,BITO,IEF | HOT_BY_OPT_VOLUME(20)·GIF,PJT,PDLB | HALTED(0)
[15:52:10] TOP_PERC_GAIN(20)·HCWB,MWC,MTVA | TOP_OPEN_PERC_GAIN(20)·HCWB,QUCY,MTVA | HOT_BY_VOLUME(20)·PPBT,LIAU,SUGP | TOP_STOCK_BUY_IMBALANCE_ADV_RATIO(4)·RND,UPGD,CCOM | TOP_VOLUME_RATE(20)·RKLZ,TZA,BITO | HOT_BY_OPT_VOLUME(20)·GIF,PJT,PDLB | HALTED(0)
[15:52:41] TOP_PERC_GAIN(20)·HCWB,MWC,MTVA | TOP_OPEN_PERC_GAIN(20)·HCWB,QUCY,MTVA | HOT_BY_VOLUME(20)·PPBT,LIAU,SUGP | TOP_STOCK_BUY_IMBALANCE_ADV_RATIO(4)·RND,UPGD,CCOM | TOP_VOLUME_RATE(20)·TZA,RKLZ,MLAA | HOT_BY_OPT_VOLUME(20)·GIF,PJT,PDLB | HALTED(0)
[15:53:11] TOP_PERC_GAIN(20)·HCWB,MWC,MTVA | TOP_OPEN_PERC_GAIN(20)·HCWB,QUCY,MTVA | HOT_BY_VOLUME(20)·PPBT,LIAU,SUGP | TOP_STOCK_BUY_IMBALANCE_ADV_RATIO(4)·RND,UPGD,CCOM | TOP_VOLUME_RATE(20)·TZA,MU,RKLZ | HOT_BY_OPT_VOLUME(20)·GIF,PJT,PDLB | HALTED(0)
[15:53:41] TOP_PERC_GAIN(20)·HCWB,MWC,MTVA | TOP_OPEN_PERC_GAIN(20)·HCWB,QUCY,MTVA | HOT_BY_VOLUME(20)·PPBT,LIAU,SUGP | TOP_STOCK_BUY_IMBALANCE_ADV_RATIO(4)·RND,UPGD,CCOM | TOP_VOLUME_RATE(20)·BMNU,TZA,USHY | HOT_BY_OPT_VOLUME(20)·GIF,PJT,PDLB | HALTED(0)
[15:54:11] TOP_PERC_GAIN(20)·HCWB,MWC,MTVA | TOP_OPEN_PERC_GAIN(20)·HCWB,QUCY,MTVA | HOT_BY_VOLUME(20)·PPBT,LIAU,SUGP | TOP_STOCK_BUY_IMBALANCE_ADV_RATIO(4)·RND,UPGD,CCOM | TOP_VOLUME_RATE(20)·BMNU,TZA,HCWB | HOT_BY_OPT_VOLUME(20)·GIF,PJT,PDLB | HALTED(0)
[15:54:41] TOP_PERC_GAIN(20)·HCWB,MWC,MTVA | TOP_OPEN_PERC_GAIN(20)·HCWB,QUCY,MTVA | HOT_BY_VOLUME(20)·PPBT,LIAU,SUGP | TOP_STOCK_BUY_IMBALANCE_ADV_RATIO(4)·RND,UPGD,CCOM | TOP_VOLUME_RATE(20)·BMNU,TE,SOXS | HOT_BY_OPT_VOLUME(20)·GIF,PJT,PDLB | HALTED(0)
[15:55:11] TOP_PERC_GAIN(20)·HCWB,MWC,MTVA | TOP_OPEN_PERC_GAIN(20)·HCWB,QUCY,MTVA | HOT_BY_VOLUME(20)·PPBT,LIAU,SUGP | TOP_STOCK_BUY_IMBALANCE_ADV_RATIO(4)·RND,UPGD,CCOM | TOP_VOLUME_RATE(20)·TZA,BMNU,SPDN | HOT_BY_OPT_VOLUME(20)·GIF,PJT,PDLB | HALTED(0)
[15:55:41] TOP_PERC_GAIN(20)·HCWB,MWC,MTVA | TOP_OPEN_PERC_GAIN(20)·HCWB,QUCY,MTVA | HOT_BY_VOLUME(20)·PPBT,LIAU,SUGP | TOP_STOCK_BUY_IMBALANCE_ADV_RATIO(4)·RND,UPGD,CCOM | TOP_VOLUME_RATE(20)·TZA,CRH,RSP | HOT_BY_OPT_VOLUME(20)·GIF,PJT,PDLB | HALTED(0)
[15:56:11] TOP_PERC_GAIN(20)·HCWB,MWC,MTVA | TOP_OPEN_PERC_GAIN(20)·HCWB,QUCY,MTVA | HOT_BY_VOLUME(20)·PPBT,LIAU,SUGP | TOP_STOCK_BUY_IMBALANCE_ADV_RATIO(4)·RND,UPGD,CCOM | TOP_VOLUME_RATE(20)·TZA,CRH,RSP | HOT_BY_OPT_VOLUME(20)·GIF,PJT,PDLB | HALTED(0)
[15:56:41] TOP_PERC_GAIN(20)·HCWB,MWC,MTVA | TOP_OPEN_PERC_GAIN(20)·HCWB,QUCY,MTVA | HOT_BY_VOLUME(20)·PPBT,LIAU,SUGP | TOP_STOCK_BUY_IMBALANCE_ADV_RATIO(4)·RND,UPGD,CCOM | TOP_VOLUME_RATE(20)·TZA,BDYN,NOK | HOT_BY_OPT_VOLUME(20)·GIF,PJT,PDLB | HALTED(0)
[15:57:11] TOP_PERC_GAIN(20)·HCWB,MWC,MTVA | TOP_OPEN_PERC_GAIN(20)·HCWB,QUCY,MTVA | HOT_BY_VOLUME(20)·PPBT,LIAU,SUGP | TOP_STOCK_BUY_IMBALANCE_ADV_RATIO(4)·RND,UPGD,CCOM | TOP_VOLUME_RATE(20)·BITO,TZA,BDYN | HOT_BY_OPT_VOLUME(20)·GIF,PJT,PDLB | HALTED(1)·RDACU
[15:57:41] TOP_PERC_GAIN(20)·HCWB,MWC,MTVA | TOP_OPEN_PERC_GAIN(20)·HCWB,QUCY,MTVA | HOT_BY_VOLUME(20)·PPBT,LIAU,SUGP | TOP_STOCK_BUY_IMBALANCE_ADV_RATIO(4)·RND,UPGD,CCOM | TOP_VOLUME_RATE(20)·TZA,BITO,LQD | HOT_BY_OPT_VOLUME(20)·GIF,PJT,PDLB | HALTED(1)·RDACU
[15:58:11] TOP_PERC_GAIN(20)·HCWB,MWC,MTVA | TOP_OPEN_PERC_GAIN(20)·HCWB,QUCY,MTVA | HOT_BY_VOLUME(20)·PPBT,LIAU,SUGP | TOP_STOCK_BUY_IMBALANCE_ADV_RATIO(4)·RND,UPGD,CCOM | TOP_VOLUME_RATE(20)·TZA,SPDN,BITO | HOT_BY_OPT_VOLUME(20)·GIF,PJT,PDLB | HALTED(1)·RDACU
[15:58:41] TOP_PERC_GAIN(20)·HCWB,MWC,MTVA | TOP_OPEN_PERC_GAIN(20)·HCWB,QUCY,MTVA | HOT_BY_VOLUME(20)·PPBT,LIAU,SUGP | TOP_STOCK_BUY_IMBALANCE_ADV_RATIO(4)·RND,UPGD,CCOM | TOP_VOLUME_RATE(20)·CCL,SPDN,TZA | HOT_BY_OPT_VOLUME(20)·GIF,PJT,PDLB | HALTED(1)·RDACU
[15:59:11] TOP_PERC_GAIN(20)·HCWB,MWC,MTVA | TOP_OPEN_PERC_GAIN(20)·HCWB,QUCY,MTVA | HOT_BY_VOLUME(20)·PPBT,LIAU,SUGP | TOP_STOCK_BUY_IMBALANCE_ADV_RATIO(4)·RND,UPGD,CCOM | TOP_VOLUME_RATE(20)·CCL,SPDN,TZA | HOT_BY_OPT_VOLUME(20)·GIF,PJT,PDLB | HALTED(1)·RDACU
[15:59:41] TOP_PERC_GAIN(20)·HCWB,MWC,MTVA | TOP_OPEN_PERC_GAIN(20)·HCWB,QUCY,MTVA | HOT_BY_VOLUME(20)·PPBT,LIAU,SUGP | TOP_STOCK_BUY_IMBALANCE_ADV_RATIO(4)·RND,UPGD,CCOM | TOP_VOLUME_RATE(20)·BMNU,CCL,TZA | HOT_BY_OPT_VOLUME(20)·GIF,PJT,PDLB | HALTED(1)·RDACU
[16:00:11] TOP_PERC_GAIN(20)·HCWB,MWC,MTVA | TOP_OPEN_PERC_GAIN(20)·HCWB,QUCY,MTVA | HOT_BY_VOLUME(20)·PPBT,LIAU,SUGP | TOP_STOCK_BUY_IMBALANCE_ADV_RATIO(4)·RND,UPGD,CCOM | TOP_VOLUME_RATE(20)·BMNU,BITO,CCL | HOT_BY_OPT_VOLUME(20)·GIF,PJT,PDLB | HALTED(1)·RDACU
[16:00:41] TOP_PERC_GAIN(20)·HCWB,MWC,MTVA | TOP_OPEN_PERC_GAIN(20)·HCWB,QUCY,MTVA | HOT_BY_VOLUME(20)·PPBT,LIAU,SUGP | TOP_STOCK_BUY_IMBALANCE_ADV_RATIO(4)·RND,UPGD,CCOM | TOP_VOLUME_RATE(20)·BMNU,BITO,CCL | HOT_BY_OPT_VOLUME(20)·GIF,PJT,PDLB | HALTED(1)·RDACU
[16:01:11] TOP_PERC_GAIN(20)·HCWB,MWC,MTVA | TOP_OPEN_PERC_GAIN(20)·HCWB,QUCY,MTVA | HOT_BY_VOLUME(20)·PPBT,LIAU,SUGP | TOP_STOCK_BUY_IMBALANCE_ADV_RATIO(4)·RND,UPGD,CCOM | TOP_VOLUME_RATE(20)·PLUG,BMNU,BITO | HOT_BY_OPT_VOLUME(20)·GIF,PJT,PDLB | HALTED(1)·RDACU
[16:01:41] TOP_PERC_GAIN(20)·HCWB,MWC,MTVA | TOP_OPEN_PERC_GAIN(20)·HCWB,QUCY,MTVA | HOT_BY_VOLUME(20)·PPBT,LIAU,SUGP | TOP_STOCK_BUY_IMBALANCE_ADV_RATIO(4)·RND,UPGD,CCOM | TOP_VOLUME_RATE(20)·TZA,BMNU,PLUG | HOT_BY_OPT_VOLUME(20)·GIF,PJT,PDLB | HALTED(1)·RDACU
[16:02:11] TOP_PERC_GAIN(20)·HCWB,MWC,MTVA | TOP_OPEN_PERC_GAIN(20)·HCWB,QUCY,MTVA | HOT_BY_VOLUME(20)·PPBT,LIAU,SUGP | TOP_STOCK_BUY_IMBALANCE_ADV_RATIO(4)·RND,UPGD,CCOM | TOP_VOLUME_RATE(20)·TZA,CMCSA,BMNU | HOT_BY_OPT_VOLUME(20)·GIF,PJT,PDLB | HALTED(1)·RDACU
[16:02:41] TOP_PERC_GAIN(20)·HCWB,MWC,MTVA | TOP_OPEN_PERC_GAIN(20)·HCWB,QUCY,MTVA | HOT_BY_VOLUME(20)·PPBT,LIAU,SUGP | TOP_STOCK_BUY_IMBALANCE_ADV_RATIO(4)·RND,UPGD,CCOM | TOP_VOLUME_RATE(20)·TZA,SPAB,LQD | HOT_BY_OPT_VOLUME(20)·GIF,PJT,PDLB | HALTED(0)
[16:03:11] TOP_PERC_GAIN(20)·HCWB,MWC,MTVA | TOP_OPEN_PERC_GAIN(20)·HCWB,QUCY,MTVA | HOT_BY_VOLUME(20)·PPBT,LIAU,SUGP | TOP_STOCK_BUY_IMBALANCE_ADV_RATIO(4)·RND,UPGD,CCOM | TOP_VOLUME_RATE(20)·XLE,TZA,SPAB | HOT_BY_OPT_VOLUME(20)·GIF,PJT,PDLB | HALTED(0)
[16:03:41] TOP_PERC_GAIN(20)·HCWB,MWC,MTVA | TOP_OPEN_PERC_GAIN(20)·HCWB,QUCY,MTVA | HOT_BY_VOLUME(20)·PPBT,LIAU,SUGP | TOP_STOCK_BUY_IMBALANCE_ADV_RATIO(4)·RND,UPGD,CCOM | TOP_VOLUME_RATE(20)·XLE,TZA,SPAB | HOT_BY_OPT_VOLUME(20)·GIF,PJT,PDLB | HALTED(1)·SVRN
[16:04:11] TOP_PERC_GAIN(20)·HCWB,MWC,MTVA | TOP_OPEN_PERC_GAIN(20)·HCWB,QUCY,MTVA | HOT_BY_VOLUME(20)·PPBT,LIAU,SUGP | TOP_STOCK_BUY_IMBALANCE_ADV_RATIO(4)·RND,UPGD,CCOM | TOP_VOLUME_RATE(20)·TZA,XLE,MLAA | HOT_BY_OPT_VOLUME(20)·GIF,PJT,PDLB | HALTED(1)·SVRN
[16:04:41] TOP_PERC_GAIN(20)·HCWB,MWC,MTVA | TOP_OPEN_PERC_GAIN(20)·HCWB,QUCY,MTVA | HOT_BY_VOLUME(20)·PPBT,LIAU,SUGP | TOP_STOCK_BUY_IMBALANCE_ADV_RATIO(4)·RND,UPGD,CCOM | TOP_VOLUME_RATE(20)·TZA,XLY,XLE | HOT_BY_OPT_VOLUME(20)·GIF,PJT,PDLB | HALTED(1)·SVRN
[16:05:11] TOP_PERC_GAIN(20)·HCWB,MWC,MTVA | TOP_OPEN_PERC_GAIN(20)·HCWB,QUCY,MTVA | HOT_BY_VOLUME(20)·PPBT,LIAU,SUGP | TOP_STOCK_BUY_IMBALANCE_ADV_RATIO(4)·RND,UPGD,CCOM | TOP_VOLUME_RATE(20)·TZA,XLY,XLE | HOT_BY_OPT_VOLUME(20)·GIF,PJT,PDLB | HALTED(1)·SVRN
[16:05:41] TOP_PERC_GAIN(20)·HCWB,MWC,MTVA | TOP_OPEN_PERC_GAIN(20)·HCWB,QUCY,MTVA | HOT_BY_VOLUME(20)·PPBT,LIAU,SUGP | TOP_STOCK_BUY_IMBALANCE_ADV_RATIO(4)·RND,UPGD,CCOM | TOP_VOLUME_RATE(20)·TZA,GRAB,XLY | HOT_BY_OPT_VOLUME(20)·GIF,PJT,PDLB | HALTED(1)·SVRN
[16:06:11] TOP_PERC_GAIN(20)·HCWB,MWC,MTVA | TOP_OPEN_PERC_GAIN(20)·HCWB,QUCY,MTVA | HOT_BY_VOLUME(20)·PPBT,LIAU,SUGP | TOP_STOCK_BUY_IMBALANCE_ADV_RATIO(4)·RND,UPGD,CCOM | TOP_VOLUME_RATE(20)·TZA,GRAB,ITUB | HOT_BY_OPT_VOLUME(20)·GIF,PJT,PDLB | HALTED(1)·SVRN
[16:06:41] TOP_PERC_GAIN(20)·HCWB,MWC,MTVA | TOP_OPEN_PERC_GAIN(20)·HCWB,QUCY,MTVA | HOT_BY_VOLUME(20)·PPBT,LIAU,SUGP | TOP_STOCK_BUY_IMBALANCE_ADV_RATIO(4)·RND,UPGD,CCOM | TOP_VOLUME_RATE(20)·TZA,LYG,ABEV | HOT_BY_OPT_VOLUME(20)·GIF,PJT,PDLB | HALTED(1)·SVRN
[16:07:11] TOP_PERC_GAIN(20)·HCWB,MWC,MTVA | TOP_OPEN_PERC_GAIN(20)·HCWB,QUCY,MTVA | HOT_BY_VOLUME(20)·PPBT,LIAU,SUGP | TOP_STOCK_BUY_IMBALANCE_ADV_RATIO(4)·RND,UPGD,CCOM | TOP_VOLUME_RATE(20)·MLN,TZA,IR | HOT_BY_OPT_VOLUME(20)·GIF,PJT,PDLB | HALTED(1)·SVRN
[16:07:41] TOP_PERC_GAIN(20)·HCWB,MWC,MTVA | TOP_OPEN_PERC_GAIN(20)·HCWB,QUCY,MTVA | HOT_BY_VOLUME(20)·PPBT,LIAU,SUGP | TOP_STOCK_BUY_IMBALANCE_ADV_RATIO(4)·RND,UPGD,CCOM | TOP_VOLUME_RATE(20)·BAI,BDVL,MLN | HOT_BY_OPT_VOLUME(20)·GIF,PJT,PDLB | HALTED(1)·SVRN
[16:08:11] TOP_PERC_GAIN(20)·HCWB,MWC,MTVA | TOP_OPEN_PERC_GAIN(20)·HCWB,QUCY,MTVA | HOT_BY_VOLUME(20)·PPBT,LIAU,SUGP | TOP_STOCK_BUY_IMBALANCE_ADV_RATIO(4)·RND,UPGD,CCOM | TOP_VOLUME_RATE(20)·BAI,BDVL,MLN | HOT_BY_OPT_VOLUME(20)·GIF,PJT,PDLB | HALTED(0)
[16:08:41] TOP_PERC_GAIN(20)·HCWB,MWC,MTVA | TOP_OPEN_PERC_GAIN(20)·HCWB,QUCY,MTVA | HOT_BY_VOLUME(20)·PPBT,LIAU,SUGP | TOP_STOCK_BUY_IMBALANCE_ADV_RATIO(4)·RND,UPGD,CCOM | TOP_VOLUME_RATE(20)·BAI,BITO,BDVL | HOT_BY_OPT_VOLUME(20)·GIF,PJT,PDLB | HALTED(0)
[16:09:11] TOP_PERC_GAIN(20)·HCWB,MWC,MTVA | TOP_OPEN_PERC_GAIN(20)·HCWB,QUCY,MTVA | HOT_BY_VOLUME(20)·PPBT,LIAU,SUGP | TOP_STOCK_BUY_IMBALANCE_ADV_RATIO(4)·RND,UPGD,CCOM | TOP_VOLUME_RATE(20)·JBLU,BAI,BITO | HOT_BY_OPT_VOLUME(20)·GIF,PJT,PDLB | HALTED(0)
[16:09:41] TOP_PERC_GAIN(20)·HCWB,MWC,MTVA | TOP_OPEN_PERC_GAIN(20)·HCWB,QUCY,MTVA | HOT_BY_VOLUME(20)·PPBT,LIAU,SUGP | TOP_STOCK_BUY_IMBALANCE_ADV_RATIO(4)·RND,UPGD,CCOM | TOP_VOLUME_RATE(20)·JBLU,TZA,BAI | HOT_BY_OPT_VOLUME(20)·GIF,PJT,PDLB | HALTED(0)
[16:10:12] TOP_PERC_GAIN(20)·HCWB,MWC,MTVA | TOP_OPEN_PERC_GAIN(20)·HCWB,QUCY,MTVA | HOT_BY_VOLUME(20)·PPBT,LIAU,SUGP | TOP_STOCK_BUY_IMBALANCE_ADV_RATIO(4)·RND,UPGD,CCOM | TOP_VOLUME_RATE(20)·JBLU,PLUG,TZA | HOT_BY_OPT_VOLUME(20)·GIF,PJT,PDLB | HALTED(0)
[16:10:42] TOP_PERC_GAIN(20)·HCWB,MWC,MTVA | TOP_OPEN_PERC_GAIN(20)·HCWB,QUCY,MTVA | HOT_BY_VOLUME(20)·PPBT,LIAU,SUGP | TOP_STOCK_BUY_IMBALANCE_ADV_RATIO(4)·RND,UPGD,CCOM | TOP_VOLUME_RATE(20)·JBLU,PLUG,TZA | HOT_BY_OPT_VOLUME(20)·GIF,PJT,PDLB | HALTED(0)
[16:11:12] TOP_PERC_GAIN(20)·HCWB,MWC,MTVA | TOP_OPEN_PERC_GAIN(20)·HCWB,QUCY,MTVA | HOT_BY_VOLUME(20)·PPBT,LIAU,SUGP | TOP_STOCK_BUY_IMBALANCE_ADV_RATIO(4)·RND,UPGD,CCOM | TOP_VOLUME_RATE(20)·SCHG,JBLU,PLUG | HOT_BY_OPT_VOLUME(20)·GIF,PJT,PDLB | HALTED(0)
[16:11:42] TOP_PERC_GAIN(20)·HCWB,MWC,MTVA | TOP_OPEN_PERC_GAIN(20)·HCWB,QUCY,MTVA | HOT_BY_VOLUME(20)·PPBT,LIAU,SUGP | TOP_STOCK_BUY_IMBALANCE_ADV_RATIO(4)·RND,UPGD,CCOM | TOP_VOLUME_RATE(20)·TZA,SHM,SCHG | HOT_BY_OPT_VOLUME(20)·GIF,PJT,PDLB | HALTED(0)
[16:12:12] TOP_PERC_GAIN(20)·HCWB,MWC,MTVA | TOP_OPEN_PERC_GAIN(20)·HCWB,QUCY,MTVA | HOT_BY_VOLUME(20)·PPBT,LIAU,SUGP | TOP_STOCK_BUY_IMBALANCE_ADV_RATIO(4)·RND,UPGD,CCOM | TOP_VOLUME_RATE(20)·TZA,SHM,TE | HOT_BY_OPT_VOLUME(20)·GIF,PJT,PDLB | HALTED(0)
[16:12:42] TOP_PERC_GAIN(20)·HCWB,MWC,MTVA | TOP_OPEN_PERC_GAIN(20)·HCWB,QUCY,MTVA | HOT_BY_VOLUME(20)·PPBT,LIAU,SUGP | TOP_STOCK_BUY_IMBALANCE_ADV_RATIO(4)·RND,UPGD,CCOM | TOP_VOLUME_RATE(20)·TZA,BSX,HCWB | HOT_BY_OPT_VOLUME(20)·GIF,PJT,PDLB | HALTED(0)
[16:13:12] TOP_PERC_GAIN(20)·HCWB,MWC,MTVA | TOP_OPEN_PERC_GAIN(20)·HCWB,QUCY,MTVA | HOT_BY_VOLUME(20)·PPBT,LIAU,SUGP | TOP_STOCK_BUY_IMBALANCE_ADV_RATIO(4)·RND,UPGD,CCOM | TOP_VOLUME_RATE(20)·TZA,BSX,BKLN | HOT_BY_OPT_VOLUME(20)·GIF,PJT,PDLB | HALTED(0)
[16:13:42] TOP_PERC_GAIN(20)·HCWB,MWC,MTVA | TOP_OPEN_PERC_GAIN(20)·HCWB,QUCY,MTVA | HOT_BY_VOLUME(20)·PPBT,LIAU,SUGP | TOP_STOCK_BUY_IMBALANCE_ADV_RATIO(4)·RND,UPGD,CCOM | TOP_VOLUME_RATE(20)·TZA,BITO,BSX | HOT_BY_OPT_VOLUME(20)·GIF,PJT,PDLB | HALTED(0)
[16:14:12] TOP_PERC_GAIN(20)·HCWB,MWC,MTVA | TOP_OPEN_PERC_GAIN(20)·HCWB,QUCY,MTVA | HOT_BY_VOLUME(20)·PPBT,LIAU,SUGP | TOP_STOCK_BUY_IMBALANCE_ADV_RATIO(4)·RND,UPGD,CCOM | TOP_VOLUME_RATE(20)·TZA,BITO,BSX | HOT_BY_OPT_VOLUME(20)·GIF,PJT,PDLB | HALTED(0)
[16:14:42] TOP_PERC_GAIN(20)·HCWB,MWC,MTVA | TOP_OPEN_PERC_GAIN(20)·HCWB,QUCY,MTVA | HOT_BY_VOLUME(20)·PPBT,LIAU,SUGP | TOP_STOCK_BUY_IMBALANCE_ADV_RATIO(4)·RND,UPGD,CCOM | TOP_VOLUME_RATE(20)·TZA,TE,BMNU | HOT_BY_OPT_VOLUME(20)·GIF,PJT,PDLB | HALTED(0)
[16:15:12] TOP_PERC_GAIN(20)·HCWB,MWC,MTVA | TOP_OPEN_PERC_GAIN(20)·HCWB,QUCY,MTVA | HOT_BY_VOLUME(20)·PPBT,LIAU,SUGP | TOP_STOCK_BUY_IMBALANCE_ADV_RATIO(4)·RND,UPGD,CCOM | TOP_VOLUME_RATE(20)·TZA,TE,EWZ | HOT_BY_OPT_VOLUME(20)·GIF,PJT,PDLB | HALTED(0)
[16:15:42] TOP_PERC_GAIN(20)·HCWB,MWC,MTVA | TOP_OPEN_PERC_GAIN(20)·HCWB,QUCY,MTVA | HOT_BY_VOLUME(20)·PPBT,LIAU,SUGP | TOP_STOCK_BUY_IMBALANCE_ADV_RATIO(4)·RND,UPGD,CCOM | TOP_VOLUME_RATE(20)·TZA,BMNU,TE | HOT_BY_OPT_VOLUME(20)·GIF,PJT,PDLB | HALTED(0)
[16:16:12] TOP_PERC_GAIN(20)·HCWB,MWC,MTVA | TOP_OPEN_PERC_GAIN(20)·HCWB,QUCY,MTVA | HOT_BY_VOLUME(20)·PPBT,LIAU,SUGP | TOP_STOCK_BUY_IMBALANCE_ADV_RATIO(4)·RND,UPGD,CCOM | TOP_VOLUME_RATE(20)·TZA,BMNU,BITO | HOT_BY_OPT_VOLUME(20)·GIF,PJT,PDLB | HALTED(0)
[16:16:42] TOP_PERC_GAIN(20)·HCWB,MWC,MTVA | TOP_OPEN_PERC_GAIN(20)·HCWB,QUCY,MTVA | HOT_BY_VOLUME(20)·PPBT,LIAU,SUGP | TOP_STOCK_BUY_IMBALANCE_ADV_RATIO(4)·RND,UPGD,CCOM | TOP_VOLUME_RATE(20)·TZA,SOXS,BMNU | HOT_BY_OPT_VOLUME(20)·GIF,PJT,PDLB | HALTED(0)
[16:17:12] TOP_PERC_GAIN(20)·HCWB,MWC,MTVA | TOP_OPEN_PERC_GAIN(20)·HCWB,QUCY,MTVA | HOT_BY_VOLUME(20)·PPBT,LIAU,SUGP | TOP_STOCK_BUY_IMBALANCE_ADV_RATIO(4)·RND,UPGD,CCOM | TOP_VOLUME_RATE(20)·AAL,SOXS,TZA | HOT_BY_OPT_VOLUME(20)·GIF,PJT,PDLB | HALTED(0)
[16:17:42] TOP_PERC_GAIN(20)·HCWB,MWC,MTVA | TOP_OPEN_PERC_GAIN(20)·HCWB,QUCY,MTVA | HOT_BY_VOLUME(20)·PPBT,LIAU,SUGP | TOP_STOCK_BUY_IMBALANCE_ADV_RATIO(4)·RND,UPGD,CCOM | TOP_VOLUME_RATE(20)·AAL,SOXS,TZA | HOT_BY_OPT_VOLUME(20)·GIF,PJT,PDLB | HALTED(0)
[16:18:12] TOP_PERC_GAIN(20)·HCWB,MWC,MTVA | TOP_OPEN_PERC_GAIN(20)·HCWB,QUCY,MTVA | HOT_BY_VOLUME(20)·PPBT,LIAU,SUGP | TOP_STOCK_BUY_IMBALANCE_ADV_RATIO(4)·RND,UPGD,CCOM | TOP_VOLUME_RATE(20)·TZA,AAL,SOXS | HOT_BY_OPT_VOLUME(20)·GIF,PJT,PDLB | HALTED(0)
[16:18:42] TOP_PERC_GAIN(20)·HCWB,MWC,MTVA | TOP_OPEN_PERC_GAIN(20)·HCWB,QUCY,MTVA | HOT_BY_VOLUME(20)·PPBT,LIAU,SUGP | TOP_STOCK_BUY_IMBALANCE_ADV_RATIO(4)·RND,UPGD,CCOM | TOP_VOLUME_RATE(20)·HIVE,TZA,AAL | HOT_BY_OPT_VOLUME(20)·GIF,PJT,PDLB | HALTED(0)
[16:19:12] TOP_PERC_GAIN(20)·HCWB,MWC,MTVA | TOP_OPEN_PERC_GAIN(20)·HCWB,QUCY,MTVA | HOT_BY_VOLUME(20)·PPBT,LIAU,SUGP | TOP_STOCK_BUY_IMBALANCE_ADV_RATIO(4)·RND,UPGD,CCOM | TOP_VOLUME_RATE(20)·HIVE,TZA,AAL | HOT_BY_OPT_VOLUME(20)·GIF,PJT,PDLB | HALTED(0)
[16:19:42] TOP_PERC_GAIN(20)·HCWB,MWC,MTVA | TOP_OPEN_PERC_GAIN(20)·HCWB,QUCY,MLGO | HOT_BY_VOLUME(20)·PPBT,LIAU,SUGP | TOP_STOCK_BUY_IMBALANCE_ADV_RATIO(4)·RND,UPGD,CCOM | TOP_VOLUME_RATE(20)·TZA,HIVE,AAL | HOT_BY_OPT_VOLUME(20)·GIF,PJT,PDLB | HALTED(0)
[16:20:12] TOP_PERC_GAIN(20)·HCWB,MWC,MTVA | TOP_OPEN_PERC_GAIN(20)·HCWB,QUCY,MLGO | HOT_BY_VOLUME(20)·PPBT,LIAU,SUGP | TOP_STOCK_BUY_IMBALANCE_ADV_RATIO(4)·RND,UPGD,CCOM | TOP_VOLUME_RATE(20)·TZA,HIVE,SOXS | HOT_BY_OPT_VOLUME(20)·GIF,PJT,PDLB | HALTED(0)
[16:20:42] TOP_PERC_GAIN(20)·HCWB,MWC,MTVA | TOP_OPEN_PERC_GAIN(20)·HCWB,QUCY,MLGO | HOT_BY_VOLUME(20)·PPBT,LIAU,SUGP | TOP_STOCK_BUY_IMBALANCE_ADV_RATIO(4)·RND,UPGD,CCOM | TOP_VOLUME_RATE(20)·SPDN,SOXS,NU | HOT_BY_OPT_VOLUME(20)·GIF,PJT,PDLB | HALTED(0)
[16:21:12] TOP_PERC_GAIN(20)·HCWB,MWC,MTVA | TOP_OPEN_PERC_GAIN(20)·HCWB,QUCY,MLGO | HOT_BY_VOLUME(20)·PPBT,LIAU,SUGP | TOP_STOCK_BUY_IMBALANCE_ADV_RATIO(4)·RND,UPGD,CCOM | TOP_VOLUME_RATE(20)·SPDN,SOXS,NU | HOT_BY_OPT_VOLUME(20)·GIF,PJT,PDLB | HALTED(0)
[16:21:42] TOP_PERC_GAIN(20)·HCWB,MWC,MTVA | TOP_OPEN_PERC_GAIN(20)·HCWB,QUCY,MTVA | HOT_BY_VOLUME(20)·PPBT,LIAU,SUGP | TOP_STOCK_BUY_IMBALANCE_ADV_RATIO(4)·RND,UPGD,CCOM | TOP_VOLUME_RATE(20)·SOXS,SPDN,NU | HOT_BY_OPT_VOLUME(20)·GIF,PJT,PDLB | HALTED(0)
[16:22:12] TOP_PERC_GAIN(20)·HCWB,MWC,MTVA | TOP_OPEN_PERC_GAIN(20)·HCWB,QUCY,MTVA | HOT_BY_VOLUME(20)·PPBT,LIAU,SUGP | TOP_STOCK_BUY_IMBALANCE_ADV_RATIO(4)·RND,UPGD,CCOM | TOP_VOLUME_RATE(20)·TZA,SOXS,SPDN | HOT_BY_OPT_VOLUME(20)·GIF,PJT,PDLB | HALTED(0)
[16:22:42] TOP_PERC_GAIN(20)·HCWB,MWC,MTVA | TOP_OPEN_PERC_GAIN(20)·HCWB,QUCY,MTVA | HOT_BY_VOLUME(20)·PPBT,LIAU,SUGP | TOP_STOCK_BUY_IMBALANCE_ADV_RATIO(4)·RND,UPGD,CCOM | TOP_VOLUME_RATE(20)·TZA,SOXS,TE | HOT_BY_OPT_VOLUME(20)·GIF,PJT,PDLB | HALTED(0)
[16:23:12] TOP_PERC_GAIN(20)·HCWB,MWC,MTVA | TOP_OPEN_PERC_GAIN(20)·HCWB,QUCY,MTVA | HOT_BY_VOLUME(20)·PPBT,LIAU,SUGP | TOP_STOCK_BUY_IMBALANCE_ADV_RATIO(4)·RND,UPGD,CCOM | TOP_VOLUME_RATE(20)·TZA,SOXS,BITO | HOT_BY_OPT_VOLUME(20)·GIF,PJT,PDLB | HALTED(0)
[16:23:42] TOP_PERC_GAIN(20)·HCWB,MWC,MTVA | TOP_OPEN_PERC_GAIN(20)·HCWB,QUCY,MLGO | HOT_BY_VOLUME(20)·PPBT,LIAU,SUGP | TOP_STOCK_BUY_IMBALANCE_ADV_RATIO(4)·RND,UPGD,CCOM | TOP_VOLUME_RATE(20)·TZA,EQH,NVST | HOT_BY_OPT_VOLUME(20)·GIF,PJT,PDLB | HALTED(0)
[16:24:12] TOP_PERC_GAIN(20)·HCWB,MWC,MTVA | TOP_OPEN_PERC_GAIN(20)·HCWB,QUCY,MLGO | HOT_BY_VOLUME(20)·PPBT,LIAU,SUGP | TOP_STOCK_BUY_IMBALANCE_ADV_RATIO(4)·RND,UPGD,CCOM | TOP_VOLUME_RATE(20)·BMNU,TZA,EQH | HOT_BY_OPT_VOLUME(20)·GIF,PJT,PDLB | HALTED(0)
[16:24:42] TOP_PERC_GAIN(20)·HCWB,MWC,MTVA | TOP_OPEN_PERC_GAIN(20)·HCWB,QUCY,MLGO | HOT_BY_VOLUME(20)·PPBT,LIAU,SUGP | TOP_STOCK_BUY_IMBALANCE_ADV_RATIO(4)·RND,UPGD,CCOM | TOP_VOLUME_RATE(20)·TZA,BMNU,DIS | HOT_BY_OPT_VOLUME(20)·GIF,PJT,PDLB | HALTED(0)
[16:25:12] TOP_PERC_GAIN(20)·HCWB,MWC,MTVA | TOP_OPEN_PERC_GAIN(20)·HCWB,QUCY,MLGO | HOT_BY_VOLUME(20)·PPBT,LIAU,SUGP | TOP_STOCK_BUY_IMBALANCE_ADV_RATIO(4)·RND,UPGD,CCOM | TOP_VOLUME_RATE(20)·TZA,BITO,BMNU | HOT_BY_OPT_VOLUME(20)·GIF,PJT,PDLB | HALTED(0)
[16:25:42] TOP_PERC_GAIN(20)·HCWB,MWC,MTVA | TOP_OPEN_PERC_GAIN(20)·HCWB,QUCY,MLGO | HOT_BY_VOLUME(20)·PPBT,LIAU,SUGP | TOP_STOCK_BUY_IMBALANCE_ADV_RATIO(4)·RND,UPGD,CCOM | TOP_VOLUME_RATE(20)·TZA,SOXS,ABEV | HOT_BY_OPT_VOLUME(20)·GIF,PJT,PDLB | HALTED(0)
[16:26:12] TOP_PERC_GAIN(20)·HCWB,MWC,MTVA | TOP_OPEN_PERC_GAIN(20)·HCWB,QUCY,MLGO | HOT_BY_VOLUME(20)·PPBT,LIAU,SUGP | TOP_STOCK_BUY_IMBALANCE_ADV_RATIO(4)·RND,UPGD,CCOM | TOP_VOLUME_RATE(20)·TZA,VST,TE | HOT_BY_OPT_VOLUME(20)·GIF,PJT,PDLB | HALTED(0)
[16:26:42] TOP_PERC_GAIN(20)·HCWB,MWC,MTVA | TOP_OPEN_PERC_GAIN(20)·HCWB,QUCY,MLGO | HOT_BY_VOLUME(20)·PPBT,LIAU,SUGP | TOP_STOCK_BUY_IMBALANCE_ADV_RATIO(4)·RND,UPGD,CCOM | TOP_VOLUME_RATE(20)·TZA,VST,CELH | HOT_BY_OPT_VOLUME(20)·GIF,PJT,PDLB | HALTED(0)
[16:27:12] TOP_PERC_GAIN(20)·HCWB,MWC,MTVA | TOP_OPEN_PERC_GAIN(20)·HCWB,QUCY,MTVA | HOT_BY_VOLUME(20)·PPBT,LIAU,SUGP | TOP_STOCK_BUY_IMBALANCE_ADV_RATIO(4)·RND,UPGD,CCOM | TOP_VOLUME_RATE(20)·EEM,TZA,VCIT | HOT_BY_OPT_VOLUME(20)·GIF,PJT,PDLB | HALTED(0)
[16:27:42] TOP_PERC_GAIN(20)·HCWB,MWC,MTVA | TOP_OPEN_PERC_GAIN(20)·HCWB,QUCY,MTVA | HOT_BY_VOLUME(20)·PPBT,LIAU,SUGP | TOP_STOCK_BUY_IMBALANCE_ADV_RATIO(4)·RND,UPGD,CCOM | TOP_VOLUME_RATE(20)·EEM,TZA,VCIT | HOT_BY_OPT_VOLUME(20)·GIF,PJT,PDLB | HALTED(0)
[16:28:12] TOP_PERC_GAIN(20)·HCWB,MWC,MTVA | TOP_OPEN_PERC_GAIN(20)·HCWB,QUCY,MTVA | HOT_BY_VOLUME(20)·PPBT,LIAU,SUGP | TOP_STOCK_BUY_IMBALANCE_ADV_RATIO(4)·RND,UPGD,CCOM | TOP_VOLUME_RATE(20)·EEM,TZA,VCIT | HOT_BY_OPT_VOLUME(20)·GIF,PJT,PDLB | HALTED(0)
[16:28:42] TOP_PERC_GAIN(20)·HCWB,MWC,MTVA | TOP_OPEN_PERC_GAIN(20)·HCWB,QUCY,MLGO | HOT_BY_VOLUME(20)·PPBT,LIAU,SUGP | TOP_STOCK_BUY_IMBALANCE_ADV_RATIO(4)·RND,UPGD,CCOM | TOP_VOLUME_RATE(20)·TZA,EEM,SOXS | HOT_BY_OPT_VOLUME(20)·GIF,PJT,PDLB | HALTED(0)
[16:29:12] TOP_PERC_GAIN(20)·HCWB,MWC,MTVA | TOP_OPEN_PERC_GAIN(20)·HCWB,QUCY,MLGO | HOT_BY_VOLUME(20)·PPBT,LIAU,SUGP | TOP_STOCK_BUY_IMBALANCE_ADV_RATIO(4)·RND,UPGD,CCOM | TOP_VOLUME_RATE(20)·TZA,EEM,BITO | HOT_BY_OPT_VOLUME(20)·GIF,PJT,PDLB | HALTED(0)
[16:29:42] TOP_PERC_GAIN(20)·HCWB,MWC,MTVA | TOP_OPEN_PERC_GAIN(20)·HCWB,QUCY,MLGO | HOT_BY_VOLUME(20)·PPBT,LIAU,SUGP | TOP_STOCK_BUY_IMBALANCE_ADV_RATIO(4)·RND,UPGD,CCOM | TOP_VOLUME_RATE(20)·TZA,EEM,BITO | HOT_BY_OPT_VOLUME(20)·GIF,PJT,PDLB | HALTED(0)
[16:30:12] TOP_PERC_GAIN(20)·HCWB,MWC,MTVA | TOP_OPEN_PERC_GAIN(20)·HCWB,QUCY,MLGO | HOT_BY_VOLUME(20)·PPBT,LIAU,SUGP | TOP_STOCK_BUY_IMBALANCE_ADV_RATIO(4)·RND,UPGD,CCOM | TOP_VOLUME_RATE(20)·TZA,BITO,TE | HOT_BY_OPT_VOLUME(20)·GIF,PJT,PDLB | HALTED(0)
[16:30:42] TOP_PERC_GAIN(20)·HCWB,MWC,MTVA | TOP_OPEN_PERC_GAIN(20)·HCWB,QUCY,MLGO | HOT_BY_VOLUME(20)·PPBT,LIAU,SUGP | TOP_STOCK_BUY_IMBALANCE_ADV_RATIO(4)·RND,UPGD,CCOM | TOP_VOLUME_RATE(20)·TZA,SPDN,SOXS | HOT_BY_OPT_VOLUME(20)·GIF,PJT,PDLB | HALTED(0)
[16:31:12] TOP_PERC_GAIN(20)·MWC,HCWB,MTVA | TOP_OPEN_PERC_GAIN(20)·HCWB,QUCY,MLGO | HOT_BY_VOLUME(20)·PPBT,LIAU,SUGP | TOP_STOCK_BUY_IMBALANCE_ADV_RATIO(4)·RND,UPGD,CCOM | TOP_VOLUME_RATE(20)·TZA,SPDN,SOXS | HOT_BY_OPT_VOLUME(20)·GIF,PJT,PDLB | HALTED(0)
[16:31:43] TOP_PERC_GAIN(20)·HCWB,MWC,MTVA | TOP_OPEN_PERC_GAIN(20)·HCWB,QUCY,MLGO | HOT_BY_VOLUME(20)·PPBT,LIAU,SUGP | TOP_STOCK_BUY_IMBALANCE_ADV_RATIO(4)·RND,UPGD,CCOM | TOP_VOLUME_RATE(20)·TZA,HCWB,BITO | HOT_BY_OPT_VOLUME(20)·GIF,PJT,PDLB | HALTED(0)
[16:32:13] TOP_PERC_GAIN(20)·HCWB,MWC,MTVA | TOP_OPEN_PERC_GAIN(20)·HCWB,QUCY,MLGO | HOT_BY_VOLUME(20)·PPBT,LIAU,SUGP | TOP_STOCK_BUY_IMBALANCE_ADV_RATIO(4)·RND,UPGD,CCOM | TOP_VOLUME_RATE(20)·TZA,BMNU,CAG | HOT_BY_OPT_VOLUME(20)·GIF,PJT,PDLB | HALTED(0)
[16:32:43] TOP_PERC_GAIN(20)·HCWB,MWC,MTVA | TOP_OPEN_PERC_GAIN(20)·HCWB,QUCY,MLGO | HOT_BY_VOLUME(20)·PPBT,LIAU,SUGP | TOP_STOCK_BUY_IMBALANCE_ADV_RATIO(4)·RND,UPGD,CCOM | TOP_VOLUME_RATE(20)·SCHG,SPDN,TZA | HOT_BY_OPT_VOLUME(20)·GIF,PJT,PDLB | HALTED(0)
[16:33:13] TOP_PERC_GAIN(20)·HCWB,MWC,MTVA | TOP_OPEN_PERC_GAIN(20)·HCWB,QUCY,MLGO | HOT_BY_VOLUME(20)·PPBT,LIAU,SUGP | TOP_STOCK_BUY_IMBALANCE_ADV_RATIO(4)·RND,UPGD,CCOM | TOP_VOLUME_RATE(20)·SCHG,SPDN,TZA | HOT_BY_OPT_VOLUME(20)·GIF,PJT,PDLB | HALTED(0)
[16:33:43] TOP_PERC_GAIN(20)·HCWB,MWC,MTVA | TOP_OPEN_PERC_GAIN(20)·HCWB,QUCY,MLGO | HOT_BY_VOLUME(20)·PPBT,LIAU,SUGP | TOP_STOCK_BUY_IMBALANCE_ADV_RATIO(4)·RND,UPGD,CCOM | TOP_VOLUME_RATE(20)·SCHQ,SCHG,TZA | HOT_BY_OPT_VOLUME(20)·GIF,PJT,PDLB | HALTED(0)
[16:34:13] TOP_PERC_GAIN(20)·HCWB,MWC,MTVA | TOP_OPEN_PERC_GAIN(20)·HCWB,QUCY,MLGO | HOT_BY_VOLUME(20)·PPBT,LIAU,SUGP | TOP_STOCK_BUY_IMBALANCE_ADV_RATIO(4)·RND,UPGD,CCOM | TOP_VOLUME_RATE(20)·SCHO,SCHQ,SCHG | HOT_BY_OPT_VOLUME(20)·GIF,PJT,PDLB | HALTED(0)
[16:34:43] TOP_PERC_GAIN(20)·HCWB,MWC,MTVA | TOP_OPEN_PERC_GAIN(20)·HCWB,QUCY,MLGO | HOT_BY_VOLUME(20)·PPBT,LIAU,SUGP | TOP_STOCK_BUY_IMBALANCE_ADV_RATIO(4)·RND,UPGD,CCOM | TOP_VOLUME_RATE(20)·SCHO,SPDN,SCHQ | HOT_BY_OPT_VOLUME(20)·GIF,PJT,PDLB | HALTED(0)
[16:35:13] TOP_PERC_GAIN(20)·HCWB,MWC,MTVA | TOP_OPEN_PERC_GAIN(20)·HCWB,QUCY,MTVA | HOT_BY_VOLUME(20)·PPBT,LIAU,SUGP | TOP_STOCK_BUY_IMBALANCE_ADV_RATIO(4)·RND,UPGD,CCOM | TOP_VOLUME_RATE(20)·SCHO,TZA,SPDN | HOT_BY_OPT_VOLUME(20)·GIF,PJT,PDLB | HALTED(0)
[16:35:43] TOP_PERC_GAIN(20)·HCWB,MWC,MTVA | TOP_OPEN_PERC_GAIN(20)·HCWB,QUCY,MTVA | HOT_BY_VOLUME(20)·PPBT,LIAU,SUGP | TOP_STOCK_BUY_IMBALANCE_ADV_RATIO(4)·RND,UPGD,CCOM | TOP_VOLUME_RATE(20)·SCHO,TZA,SPDN | HOT_BY_OPT_VOLUME(20)·GIF,PJT,PDLB | HALTED(0)
[16:36:13] TOP_PERC_GAIN(20)·HCWB,MWC,MTVA | TOP_OPEN_PERC_GAIN(20)·HCWB,QUCY,MTVA | HOT_BY_VOLUME(20)·PPBT,LIAU,SUGP | TOP_STOCK_BUY_IMBALANCE_ADV_RATIO(4)·RND,UPGD,CCOM | TOP_VOLUME_RATE(20)·SCHO,TZA,SPDN | HOT_BY_OPT_VOLUME(20)·GIF,PJT,PDLB | HALTED(0)
[16:36:43] TOP_PERC_GAIN(20)·HCWB,MWC,MTVA | TOP_OPEN_PERC_GAIN(20)·HCWB,QUCY,MTVA | HOT_BY_VOLUME(20)·PPBT,LIAU,SUGP | TOP_STOCK_BUY_IMBALANCE_ADV_RATIO(4)·RND,UPGD,CCOM | TOP_VOLUME_RATE(20)·TZA,SCHO,SPDN | HOT_BY_OPT_VOLUME(20)·GIF,PJT,PDLB | HALTED(0)
[16:37:13] TOP_PERC_GAIN(20)·HCWB,MWC,MTVA | TOP_OPEN_PERC_GAIN(20)·HCWB,QUCY,MTVA | HOT_BY_VOLUME(20)·PPBT,LIAU,SUGP | TOP_STOCK_BUY_IMBALANCE_ADV_RATIO(4)·RND,UPGD,CCOM | TOP_VOLUME_RATE(20)·TZA,SCHO,NOW | HOT_BY_OPT_VOLUME(20)·GIF,PJT,PDLB | HALTED(0)
[16:37:43] TOP_PERC_GAIN(20)·HCWB,MWC,MTVA | TOP_OPEN_PERC_GAIN(20)·HCWB,QUCY,MTVA | HOT_BY_VOLUME(20)·PPBT,LIAU,SUGP | TOP_STOCK_BUY_IMBALANCE_ADV_RATIO(4)·RND,UPGD,CCOM | TOP_VOLUME_RATE(20)·TZA,SCHO,NOW | HOT_BY_OPT_VOLUME(20)·GIF,PJT,PDLB | HALTED(0)
[16:38:13] TOP_PERC_GAIN(20)·HCWB,MWC,MTVA | TOP_OPEN_PERC_GAIN(20)·HCWB,QUCY,MTVA | HOT_BY_VOLUME(20)·PPBT,LIAU,SUGP | TOP_STOCK_BUY_IMBALANCE_ADV_RATIO(4)·RND,UPGD,CCOM | TOP_VOLUME_RATE(20)·TZA,NOW,SCHO | HOT_BY_OPT_VOLUME(20)·GIF,PJT,PDLB | HALTED(0)
[16:38:43] TOP_PERC_GAIN(20)·HCWB,MWC,MTVA | TOP_OPEN_PERC_GAIN(20)·HCWB,QUCY,MTVA | HOT_BY_VOLUME(20)·PPBT,LIAU,SUGP | TOP_STOCK_BUY_IMBALANCE_ADV_RATIO(4)·RND,UPGD,CCOM | TOP_VOLUME_RATE(20)·TZA,EXE,FNDX | HOT_BY_OPT_VOLUME(20)·GIF,PJT,PDLB | HALTED(0)
[16:39:13] TOP_PERC_GAIN(20)·HCWB,MWC,MTVA | TOP_OPEN_PERC_GAIN(20)·HCWB,QUCY,MTVA | HOT_BY_VOLUME(20)·PPBT,LIAU,SUGP | TOP_STOCK_BUY_IMBALANCE_ADV_RATIO(4)·RND,UPGD,CCOM | TOP_VOLUME_RATE(20)·TZA,BITO,EXE | HOT_BY_OPT_VOLUME(20)·GIF,PJT,PDLB | HALTED(0)
[16:39:43] TOP_PERC_GAIN(20)·HCWB,MWC,MTVA | TOP_OPEN_PERC_GAIN(20)·HCWB,QUCY,MTVA | HOT_BY_VOLUME(20)·PPBT,LIAU,SUGP | TOP_STOCK_BUY_IMBALANCE_ADV_RATIO(4)·RND,UPGD,CCOM | TOP_VOLUME_RATE(20)·TZA,NIO,BITO | HOT_BY_OPT_VOLUME(20)·GIF,PJT,PDLB | HALTED(0)
[16:40:13] TOP_PERC_GAIN(20)·HCWB,MWC,MTVA | TOP_OPEN_PERC_GAIN(20)·HCWB,QUCY,MTVA | HOT_BY_VOLUME(20)·PPBT,LIAU,SUGP | TOP_STOCK_BUY_IMBALANCE_ADV_RATIO(4)·RND,UPGD,CCOM | TOP_VOLUME_RATE(20)·TZA,SPDN,BMNU | HOT_BY_OPT_VOLUME(20)·GIF,PJT,PDLB | HALTED(0)
[16:40:43] TOP_PERC_GAIN(20)·HCWB,MWC,MTVA | TOP_OPEN_PERC_GAIN(20)·HCWB,QUCY,MTVA | HOT_BY_VOLUME(20)·PPBT,LIAU,SUGP | TOP_STOCK_BUY_IMBALANCE_ADV_RATIO(4)·RND,UPGD,CCOM | TOP_VOLUME_RATE(20)·TZA,SPDN,BMNU | HOT_BY_OPT_VOLUME(20)·GIF,PJT,PDLB | HALTED(1)·WNW
[16:41:13] TOP_PERC_GAIN(20)·HCWB,MWC,MTVA | TOP_OPEN_PERC_GAIN(20)·HCWB,QUCY,MTVA | HOT_BY_VOLUME(20)·PPBT,LIAU,SUGP | TOP_STOCK_BUY_IMBALANCE_ADV_RATIO(5)·RND,UPGD,CCOM | TOP_VOLUME_RATE(20)·TZA,SPDN,BMNU | HOT_BY_OPT_VOLUME(20)·GIF,PJT,PDLB | HALTED(1)·WNW
[16:41:43] TOP_PERC_GAIN(20)·HCWB,MWC,MTVA | TOP_OPEN_PERC_GAIN(20)·HCWB,QUCY,MTVA | HOT_BY_VOLUME(20)·PPBT,LIAU,SUGP | TOP_STOCK_BUY_IMBALANCE_ADV_RATIO(5)·RND,UPGD,CCOM | TOP_VOLUME_RATE(20)·SPDN,TZA,BMNU | HOT_BY_OPT_VOLUME(20)·GIF,PJT,PDLB | HALTED(1)·WNW
[16:42:13] TOP_PERC_GAIN(20)·HCWB,MWC,MTVA | TOP_OPEN_PERC_GAIN(20)·HCWB,QUCY,MTVA | HOT_BY_VOLUME(20)·PPBT,LIAU,SUGP | TOP_STOCK_BUY_IMBALANCE_ADV_RATIO(5)·RND,UPGD,CCOM | TOP_VOLUME_RATE(20)·TZA,BMNU,BITO | HOT_BY_OPT_VOLUME(20)·GIF,PJT,PDLB | HALTED(1)·WNW
[16:42:43] TOP_PERC_GAIN(20)·HCWB,MWC,MTVA | TOP_OPEN_PERC_GAIN(20)·HCWB,QUCY,MTVA | HOT_BY_VOLUME(20)·PPBT,LIAU,SUGP | TOP_STOCK_BUY_IMBALANCE_ADV_RATIO(4)·RND,UPGD,CCOM | TOP_VOLUME_RATE(20)·TZA,TSLG,BITO | HOT_BY_OPT_VOLUME(20)·GIF,PJT,PDLB | HALTED(1)·WNW
[16:43:13] TOP_PERC_GAIN(20)·HCWB,MWC,MTVA | TOP_OPEN_PERC_GAIN(20)·HCWB,QUCY,MTVA | HOT_BY_VOLUME(20)·PPBT,LIAU,SUGP | TOP_STOCK_BUY_IMBALANCE_ADV_RATIO(4)·RND,UPGD,CCOM | TOP_VOLUME_RATE(20)·TZA,TSLG,BITO | HOT_BY_OPT_VOLUME(20)·GIF,PJT,PDLB | HALTED(1)·WNW
[16:43:43] TOP_PERC_GAIN(20)·HCWB,MWC,MTVA | TOP_OPEN_PERC_GAIN(20)·HCWB,QUCY,MTVA | HOT_BY_VOLUME(20)·PPBT,LIAU,SUGP | TOP_STOCK_BUY_IMBALANCE_ADV_RATIO(5)·RND,UPGD,CCOM | TOP_VOLUME_RATE(20)·TZA,BMNU,BITO | HOT_BY_OPT_VOLUME(20)·GIF,PJT,PDLB | HALTED(1)·WNW
[16:44:13] TOP_PERC_GAIN(20)·HCWB,MWC,MTVA | TOP_OPEN_PERC_GAIN(20)·HCWB,QUCY,MTVA | HOT_BY_VOLUME(20)·PPBT,LIAU,SUGP | TOP_STOCK_BUY_IMBALANCE_ADV_RATIO(4)·RND,UPGD,CCOM | TOP_VOLUME_RATE(20)·TZA,BMNU,NOWL | HOT_BY_OPT_VOLUME(20)·GIF,PJT,PDLB | HALTED(1)·WNW
[16:44:43] TOP_PERC_GAIN(20)·HCWB,MWC,MTVA | TOP_OPEN_PERC_GAIN(20)·HCWB,QUCY,MTVA | HOT_BY_VOLUME(20)·PPBT,LIAU,SUGP | TOP_STOCK_BUY_IMBALANCE_ADV_RATIO(4)·RND,UPGD,CCOM | TOP_VOLUME_RATE(20)·TZA,PLTD,CIG | HOT_BY_OPT_VOLUME(20)·GIF,PJT,PDLB | HALTED(1)·WNW
[16:45:13] TOP_PERC_GAIN(20)·HCWB,MWC,MTVA | TOP_OPEN_PERC_GAIN(20)·HCWB,QUCY,MLGO | HOT_BY_VOLUME(20)·PPBT,LIAU,SUGP | TOP_STOCK_BUY_IMBALANCE_ADV_RATIO(5)·RND,UPGD,CCOM | TOP_VOLUME_RATE(20)·AAL,TZA,BITO | HOT_BY_OPT_VOLUME(20)·GIF,PJT,PDLB | HALTED(1)·WNW
[16:45:43] TOP_PERC_GAIN(20)·HCWB,MWC,MTVA | TOP_OPEN_PERC_GAIN(20)·HCWB,QUCY,MLGO | HOT_BY_VOLUME(20)·PPBT,LIAU,SUGP | TOP_STOCK_BUY_IMBALANCE_ADV_RATIO(4)·RND,UPGD,CCOM | TOP_VOLUME_RATE(20)·TZA,AAL,SOXS | HOT_BY_OPT_VOLUME(20)·GIF,PJT,PDLB | HALTED(0)
[16:46:13] TOP_PERC_GAIN(20)·HCWB,MWC,MTVA | TOP_OPEN_PERC_GAIN(20)·HCWB,QUCY,MLGO | HOT_BY_VOLUME(20)·PPBT,LIAU,SUGP | TOP_STOCK_BUY_IMBALANCE_ADV_RATIO(4)·RND,UPGD,CCOM | TOP_VOLUME_RATE(20)·TZA,ITUB,AAL | HOT_BY_OPT_VOLUME(20)·GIF,PJT,PDLB | HALTED(0)
[16:46:43] TOP_PERC_GAIN(20)·HCWB,MWC,MTVA | TOP_OPEN_PERC_GAIN(20)·HCWB,QUCY,MLGO | HOT_BY_VOLUME(20)·PPBT,LIAU,SUGP | TOP_STOCK_BUY_IMBALANCE_ADV_RATIO(4)·RND,UPGD,CCOM | TOP_VOLUME_RATE(20)·TZA,XFIV,ITUB | HOT_BY_OPT_VOLUME(20)·GIF,PJT,PDLB | HALTED(0)
[16:47:13] TOP_PERC_GAIN(20)·HCWB,MWC,MTVA | TOP_OPEN_PERC_GAIN(20)·HCWB,QUCY,MLGO | HOT_BY_VOLUME(20)·PPBT,LIAU,SUGP | TOP_STOCK_BUY_IMBALANCE_ADV_RATIO(4)·RND,UPGD,CCOM | TOP_VOLUME_RATE(20)·TZA,XTRE,SCHX | HOT_BY_OPT_VOLUME(20)·GIF,PJT,PDLB | HALTED(0)
[16:47:43] TOP_PERC_GAIN(20)·HCWB,MWC,MTVA | TOP_OPEN_PERC_GAIN(20)·HCWB,QUCY,MLGO | HOT_BY_VOLUME(20)·PPBT,LIAU,SUGP | TOP_STOCK_BUY_IMBALANCE_ADV_RATIO(4)·RND,UPGD,CCOM | TOP_VOLUME_RATE(20)·XTEN,CHWY,TZA | HOT_BY_OPT_VOLUME(20)·GIF,PJT,PDLB | HALTED(0)
[16:48:13] TOP_PERC_GAIN(20)·HCWB,MWC,MTVA | TOP_OPEN_PERC_GAIN(20)·HCWB,QUCY,MLGO | HOT_BY_VOLUME(20)·PPBT,LIAU,SUGP | TOP_STOCK_BUY_IMBALANCE_ADV_RATIO(4)·RND,UPGD,CCOM | TOP_VOLUME_RATE(20)·XTEN,CHWY,TZA | HOT_BY_OPT_VOLUME(20)·GIF,PJT,PDLB | HALTED(0)
[16:48:43] TOP_PERC_GAIN(20)·HCWB,MWC,MTVA | TOP_OPEN_PERC_GAIN(20)·HCWB,QUCY,MLGO | HOT_BY_VOLUME(20)·PPBT,LIAU,SUGP | TOP_STOCK_BUY_IMBALANCE_ADV_RATIO(4)·RND,UPGD,CCOM | TOP_VOLUME_RATE(20)·TZA,SPDN,XTEN | HOT_BY_OPT_VOLUME(20)·GIF,PJT,PDLB | HALTED(0)
[16:49:13] TOP_PERC_GAIN(20)·HCWB,MWC,MTVA | TOP_OPEN_PERC_GAIN(20)·HCWB,QUCY,MLGO | HOT_BY_VOLUME(20)·PPBT,LIAU,SUGP | TOP_STOCK_BUY_IMBALANCE_ADV_RATIO(4)·RND,UPGD,CCOM | TOP_VOLUME_RATE(20)·TZA,SPDN,XTEN | HOT_BY_OPT_VOLUME(20)·GIF,PJT,PDLB | HALTED(0)
[16:49:43] TOP_PERC_GAIN(20)·HCWB,MWC,MTVA | TOP_OPEN_PERC_GAIN(20)·HCWB,QUCY,MLGO | HOT_BY_VOLUME(20)·PPBT,LIAU,SUGP | TOP_STOCK_BUY_IMBALANCE_ADV_RATIO(4)·RND,UPGD,CCOM | TOP_VOLUME_RATE(20)·TZA,SPDN,BMNU | HOT_BY_OPT_VOLUME(20)·GIF,PJT,PDLB | HALTED(0)
[16:50:13] TOP_PERC_GAIN(20)·HCWB,MWC,MTVA | TOP_OPEN_PERC_GAIN(20)·HCWB,QUCY,MLGO | HOT_BY_VOLUME(20)·PPBT,LIAU,SUGP | TOP_STOCK_BUY_IMBALANCE_ADV_RATIO(4)·RND,UPGD,CCOM | TOP_VOLUME_RATE(20)·TZA,BMNU,SPDN | HOT_BY_OPT_VOLUME(20)·GIF,PJT,PDLB | HALTED(0)
[16:50:43] TOP_PERC_GAIN(20)·HCWB,MWC,MTVA | TOP_OPEN_PERC_GAIN(20)·HCWB,QUCY,MLGO | HOT_BY_VOLUME(20)·PPBT,LIAU,SUGP | TOP_STOCK_BUY_IMBALANCE_ADV_RATIO(4)·RND,UPGD,CCOM | TOP_VOLUME_RATE(20)·TZA,BMNU,VIDA | HOT_BY_OPT_VOLUME(20)·GIF,PJT,PDLB | HALTED(0)
[16:51:13] TOP_PERC_GAIN(20)·HCWB,MWC,MTVA | TOP_OPEN_PERC_GAIN(20)·HCWB,QUCY,MLGO | HOT_BY_VOLUME(20)·PPBT,LIAU,SUGP | TOP_STOCK_BUY_IMBALANCE_ADV_RATIO(4)·RND,UPGD,CCOM | TOP_VOLUME_RATE(20)·TZA,BITO,BMNU | HOT_BY_OPT_VOLUME(20)·GIF,PJT,PDLB | HALTED(0)
[16:51:44] TOP_PERC_GAIN(20)·HCWB,MWC,VIDA | TOP_OPEN_PERC_GAIN(20)·HCWB,QUCY,MLGO | HOT_BY_VOLUME(20)·PPBT,LIAU,SUGP | TOP_STOCK_BUY_IMBALANCE_ADV_RATIO(4)·RND,UPGD,CCOM | TOP_VOLUME_RATE(20)·TZA,BITO,TE | HOT_BY_OPT_VOLUME(20)·GIF,PJT,PDLB | HALTED(0)
[16:52:14] TOP_PERC_GAIN(20)·HCWB,MWC,VIDA | TOP_OPEN_PERC_GAIN(20)·HCWB,QUCY,MLGO | HOT_BY_VOLUME(20)·PPBT,LIAU,SUGP | TOP_STOCK_BUY_IMBALANCE_ADV_RATIO(4)·RND,UPGD,CCOM | TOP_VOLUME_RATE(20)·TZA,BITO,ABEV | HOT_BY_OPT_VOLUME(20)·GIF,PJT,PDLB | HALTED(0)
[16:52:44] TOP_PERC_GAIN(20)·HCWB,MWC,VIDA | TOP_OPEN_PERC_GAIN(20)·HCWB,QUCY,MLGO | HOT_BY_VOLUME(20)·PPBT,LIAU,SUGP | TOP_STOCK_BUY_IMBALANCE_ADV_RATIO(4)·RND,UPGD,CCOM | TOP_VOLUME_RATE(20)·TZA,BITO,ABEV | HOT_BY_OPT_VOLUME(20)·GIF,PJT,PDLB | HALTED(0)
[16:53:14] TOP_PERC_GAIN(20)·HCWB,MWC,VIDA | TOP_OPEN_PERC_GAIN(20)·HCWB,QUCY,MLGO | HOT_BY_VOLUME(20)·PPBT,LIAU,SUGP | TOP_STOCK_BUY_IMBALANCE_ADV_RATIO(4)·RND,UPGD,CCOM | TOP_VOLUME_RATE(20)·TZA,BITO,SIDU | HOT_BY_OPT_VOLUME(20)·GIF,PJT,PDLB | HALTED(0)
[16:53:44] TOP_PERC_GAIN(20)·HCWB,MWC,VIDA | TOP_OPEN_PERC_GAIN(20)·HCWB,QUCY,MLGO | HOT_BY_VOLUME(20)·PPBT,LIAU,SUGP | TOP_STOCK_BUY_IMBALANCE_ADV_RATIO(4)·RND,UPGD,CCOM | TOP_VOLUME_RATE(20)·TZA,DRIP,BITO | HOT_BY_OPT_VOLUME(20)·GIF,PJT,PDLB | HALTED(0)
[16:54:14] TOP_PERC_GAIN(20)·HCWB,MWC,VIDA | TOP_OPEN_PERC_GAIN(20)·HCWB,QUCY,MLGO | HOT_BY_VOLUME(20)·PPBT,LIAU,SUGP | TOP_STOCK_BUY_IMBALANCE_ADV_RATIO(4)·RND,UPGD,CCOM | TOP_VOLUME_RATE(20)·TZA,NASA,DRIP | HOT_BY_OPT_VOLUME(20)·GIF,PJT,PDLB | HALTED(0)
[16:54:44] TOP_PERC_GAIN(20)·HCWB,MWC,VIDA | TOP_OPEN_PERC_GAIN(20)·HCWB,QUCY,MLGO | HOT_BY_VOLUME(20)·PPBT,LIAU,SUGP | TOP_STOCK_BUY_IMBALANCE_ADV_RATIO(4)·RND,UPGD,CCOM | TOP_VOLUME_RATE(20)·TZA,TME,NASA | HOT_BY_OPT_VOLUME(20)·GIF,PJT,PDLB | HALTED(0)
[16:55:14] TOP_PERC_GAIN(20)·HCWB,MWC,MTVA | TOP_OPEN_PERC_GAIN(20)·HCWB,QUCY,MTVA | HOT_BY_VOLUME(20)·PPBT,LIAU,SUGP | TOP_STOCK_BUY_IMBALANCE_ADV_RATIO(4)·RND,UPGD,CCOM | TOP_VOLUME_RATE(20)·TZA,RDW,TME | HOT_BY_OPT_VOLUME(20)·GIF,PJT,PDLB | HALTED(1)·ATIIU
[16:55:44] TOP_PERC_GAIN(20)·HCWB,MWC,MTVA | TOP_OPEN_PERC_GAIN(20)·HCWB,QUCY,MLGO | HOT_BY_VOLUME(20)·PPBT,LIAU,SUGP | TOP_STOCK_BUY_IMBALANCE_ADV_RATIO(4)·RND,UPGD,CCOM | TOP_VOLUME_RATE(20)·TZA,RDW,HBM | HOT_BY_OPT_VOLUME(20)·GIF,PJT,PDLB | HALTED(2)·ATIIU,HSPTU
[16:56:14] TOP_PERC_GAIN(20)·HCWB,MWC,MTVA | TOP_OPEN_PERC_GAIN(20)·HCWB,MLGO,QUCY | HOT_BY_VOLUME(20)·PPBT,LIAU,SUGP | TOP_STOCK_BUY_IMBALANCE_ADV_RATIO(4)·RND,UPGD,CCOM | TOP_VOLUME_RATE(20)·TME,TZA,RDW | HOT_BY_OPT_VOLUME(20)·GIF,PJT,PDLB | HALTED(3)·STFS,ATIIU,HSPTU
[16:56:44] TOP_PERC_GAIN(20)·HCWB,MWC,MTVA | TOP_OPEN_PERC_GAIN(20)·HCWB,MLGO,QUCY | HOT_BY_VOLUME(20)·PPBT,LIAU,SUGP | TOP_STOCK_BUY_IMBALANCE_ADV_RATIO(4)·RND,UPGD,CCOM | TOP_VOLUME_RATE(20)·TZA,TME,SHEL | HOT_BY_OPT_VOLUME(20)·GIF,PJT,PDLB | HALTED(3)·STFS,ATIIU,HSPTU
[16:57:14] TOP_PERC_GAIN(20)·HCWB,MWC,MTVA | TOP_OPEN_PERC_GAIN(20)·HCWB,MLGO,QUCY | HOT_BY_VOLUME(20)·PPBT,LIAU,SUGP | TOP_STOCK_BUY_IMBALANCE_ADV_RATIO(4)·RND,UPGD,CCOM | TOP_VOLUME_RATE(20)·TZA,TME,XP | HOT_BY_OPT_VOLUME(20)·GIF,PJT,PDLB | HALTED(4)·STFS,ATIIU,HSPTU
[16:57:44] TOP_PERC_GAIN(20)·HCWB,MWC,MTVA | TOP_OPEN_PERC_GAIN(20)·HCWB,MLGO,QUCY | HOT_BY_VOLUME(20)·PPBT,LIAU,SUGP | TOP_STOCK_BUY_IMBALANCE_ADV_RATIO(4)·RND,UPGD,CCOM | TOP_VOLUME_RATE(20)·VWO,TZA,BITO | HOT_BY_OPT_VOLUME(20)·GIF,PJT,PDLB | HALTED(4)·STFS,ATIIU,HSPTU
[16:58:14] TOP_PERC_GAIN(20)·HCWB,MWC,MTVA | TOP_OPEN_PERC_GAIN(20)·HCWB,MLGO,QUCY | HOT_BY_VOLUME(20)·PPBT,LIAU,SUGP | TOP_STOCK_BUY_IMBALANCE_ADV_RATIO(4)·RND,UPGD,CCOM | TOP_VOLUME_RATE(20)·SPEM,VWO,TZA | HOT_BY_OPT_VOLUME(20)·GIF,PJT,PDLB | HALTED(4)·STFS,ATIIU,HSPTU
[16:58:44] TOP_PERC_GAIN(20)·HCWB,MWC,MTVA | TOP_OPEN_PERC_GAIN(20)·HCWB,MLGO,MTVA | HOT_BY_VOLUME(20)·PPBT,LIAU,SUGP | TOP_STOCK_BUY_IMBALANCE_ADV_RATIO(4)·RND,UPGD,CCOM | TOP_VOLUME_RATE(20)·SPEM,VWO,TZA | HOT_BY_OPT_VOLUME(20)·GIF,PJT,PDLB | HALTED(4)·STFS,ATIIU,HSPTU
[16:59:14] TOP_PERC_GAIN(20)·HCWB,MWC,MTVA | TOP_OPEN_PERC_GAIN(20)·HCWB,MLGO,MTVA | HOT_BY_VOLUME(20)·PPBT,LIAU,SUGP | TOP_STOCK_BUY_IMBALANCE_ADV_RATIO(4)·RND,UPGD,CCOM | TOP_VOLUME_RATE(20)·SPEM,VWO,TZA | HOT_BY_OPT_VOLUME(20)·GIF,PJT,PDLB | HALTED(4)·STFS,ATIIU,HSPTU
[16:59:44] TOP_PERC_GAIN(20)·HCWB,MWC,MTVA | TOP_OPEN_PERC_GAIN(20)·HCWB,MLGO,MTVA | HOT_BY_VOLUME(20)·PPBT,LIAU,SUGP | TOP_STOCK_BUY_IMBALANCE_ADV_RATIO(4)·RND,UPGD,CCOM | TOP_VOLUME_RATE(20)·SPEM,VWO,TZA | HOT_BY_OPT_VOLUME(20)·GIF,PJT,PDLB | HALTED(3)·STFS,HSPTU,GIGGU
Stopped.
Traceback (most recent call last):
  File "C:\Users\kswong\AppData\Local\Python\pythoncore-3.14-64\Lib\site-packages\ib_insync\util.py", line 341, in run
    result = loop.run_until_complete(task)
  File "C:\Users\kswong\AppData\Local\Python\pythoncore-3.14-64\Lib\asyncio\base_events.py", line 719, in run_until_complete
    return future.result()
           ~~~~~~~~~~~~~^^
  File "C:\Users\kswong\AppData\Local\Python\pythoncore-3.14-64\Lib\asyncio\tasks.py", line 702, in sleep
    return await future
           ^^^^^^^^^^^^
asyncio.exceptions.CancelledError

During handling of the above exception, another exception occurred:

Traceback (most recent call last):
  File "D:\Dropbox\Claude\claude-skills\trading-skills\guns-bot\scripts\scanner_observe.py", line 333, in <module>
  File "D:\Dropbox\Claude\claude-skills\trading-skills\guns-bot\scripts\scanner_observe.py", line 283, in main
    time.sleep(min(15, max(1, (start_dt - _now_et()).total_seconds())))
    ^^^^^^^^^^^^^^^^^^^^^^^
  File "C:\Users\kswong\AppData\Local\Python\pythoncore-3.14-64\Lib\site-packages\ib_insync\util.py", line 386, in sleep
    run(asyncio.sleep(secs))
    ~~~^^^^^^^^^^^^^^^^^^^^^
  File "C:\Users\kswong\AppData\Local\Python\pythoncore-3.14-64\Lib\site-packages\ib_insync\util.py", line 343, in run
    raise globalErrorEvent.value() or e
ConnectionError: Socket disconnect
